time,EqKm_x,EqKm_y,EqKm_z,Sens_x,Sens_y,Sens_z,a_x,a_y,a_z,m_x,m_y,m_z,g_x,g_y,g_z,Km_g_x,Km_g_y,Km_g_z,qKm_w,qKm_x,qKm_y,qKm_z,J 
0,NaN,NaN,NaN,0,3.7439e-19,0,-0.065763,0.99433,-0.0047318,2.0787,20.672,-15.633,-0.0048911,-0.00016523,-0.0036243,0,0,0,NaN,NaN,NaN,NaN,0
0.01,0,-8.1315e-20,0,0,1.0842e-19,0,-0.058572,0.99433,0.0055707,2.3294,20.955,-15.633,-0.0036769,-0.00016477,-0.001196,-0.0059713,-0.0038266,-0.0044563,0.99038,0,-4.1052e-20,0,0.01843
0.02,0,1.6805e-18,0,0,3.2526e-19,0,-0.0547,0.99491,0.0088141,2.3294,20.955,-15.633,-0.0024654,-0.0013818,0.0060888,-0.0051927,-0.00075623,0.0023016,0.99049,0,8.4833e-19,0,0.020539
0.03,0,-3.7947e-19,0,0,-4.3368e-19,0,-0.056728,0.99819,0.0040444,2.5802,21.049,-15.548,0.0011744,-0.0025888,0.0085171,-0.003119,-0.00029715,0.0051232,0.98973,0,-1.917e-19,0,0.020725
0.04,0,-4.3368e-19,0,0,0,0,-0.062813,0.99684,-0.0011068,2.5802,21.049,-15.548,0.0036028,-0.0025851,0.0048747,-0.0013525,-0.00030633,0.0040629,0.98927,0,-2.1919e-19,0,0.020735
0.05,0,-1.5179e-18,0,0,2.1684e-19,0,-0.06687,0.99221,-0.003587,2.4966,21.049,-15.633,-3.6841e-05,-0.0037955,0.0012323,-0.0036706,-0.0013223,0.0020823,0.98912,0,-7.6729e-19,0,0.020732
0.06,0,1.1384e-18,0,0,3.2526e-19,0,-0.065948,0.99125,-0.0054949,2.4966,21.049,-15.633,-0.0012509,-0.0025809,-0.0060526,-0.0051154,-0.00091367,-0.0036051,0.98898,0,5.7555e-19,0,0.020729
0.07,0,0,0,0,-2.1684e-19,0,-0.064473,0.99588,-0.0037778,2.4966,20.766,-15.463,-0.0036791,0.0010619,-0.009695,-0.0070524,0.0018656,-0.0081515,0.98888,0,0,0,0.020727
0.08,0,-2.1684e-19,0,0,0,0,-0.062444,0.99607,0.00041948,2.4966,20.766,-15.463,-3.6596e-05,0.0010623,-0.0084809,-0.0049326,0.0029982,-0.0089013,0.98887,0,-1.0964e-19,0,0.020726
0.09,0,1.5721e-18,0,0,-2.1684e-19,0,-0.060047,0.99414,0.0030905,2.6638,20.86,-15.548,-3.6515e-05,0.0010627,-0.0024101,-0.0040601,0.0035653,-0.0058554,0.98877,0,7.9497e-19,0,0.020725
0.1,0,1.6263e-18,0,0,2.1684e-19,0,-0.058756,0.99337,0.0027089,2.6638,20.86,-15.548,-3.9112e-05,-0.0013652,0.0024464,-0.003646,0.002007,-0.0016556,0.98869,0,8.2245e-19,0,0.020725
0.11,0,9.7578e-19,0,0,0,0,-0.061891,0.99318,0.00061026,2.4966,20.86,-15.378,0.0011751,-0.00014735,0.0036606,-0.0028588,0.0021259,0.0015076,0.98873,0,4.9345e-19,0,0.020724
0.12,0,0,0,0,1.0842e-19,0,-0.063919,0.99395,-0.0012976,2.4966,20.86,-15.378,0.0023867,0.0010704,0.0012323,-0.0018659,0.0028128,0.0010011,0.98876,0,0,0,0.020724
0.13,0,7.5894e-19,0,0,0,0,-0.064104,0.9953,-0.0024423,2.1623,21.049,-15.463,-4.1516e-05,-0.0013575,1.8137e-05,-0.0031995,0.0011106,0.001612,0.98897,0,3.837e-19,0,0.020724
0.14,0,8.6736e-19,0,0,-5.421e-20,0,-0.062629,0.99241,-0.00053446,2.1623,21.049,-15.463,-0.0024697,-0.00014617,1.8137e-05,-0.0051428,0.0015173,0.001606,0.98917,0,4.3843e-19,0,0.020724
0.15,0,-3.7947e-19,0,0,0,0,-0.061891,0.99433,-0.00015288,2.5802,21.049,-15.463,-4.1335e-05,0.0010684,1.8137e-05,-0.0039274,0.0025742,-0.00041657,0.98916,0,-1.9181e-19,0,0.020724
0.16,0,1.4637e-18,0,0,0,0,-0.060785,0.99491,-0.00034367,2.5802,21.049,-15.463,-0.0012554,-0.00014217,0.0012323,-0.0042434,0.0020068,-0.00027504,0.98916,0,7.3986e-19,0,0.020724
0.17,0,-5.421e-20,0,0,0,0,-0.061891,0.99588,-0.0011068,2.5802,20.955,-15.718,-0.0012527,-0.0013527,0.0024464,-0.0043408,0.00089216,0.00080807,0.98917,0,-2.7402e-20,0,0.020724
0.18,0,1.6263e-19,0,0,0,0,-0.06226,0.99337,-0.00072524,2.5802,20.955,-15.718,-3.8427e-05,-0.0013492,0.0024464,-0.0034972,0.00053795,0.0012072,0.9892,0,8.2203e-20,0,0.020724
0.19,0,9.2157e-19,0,0,0,0,-0.062813,0.99318,-0.0011068,2.5802,20.86,-15.548,0.0023899,-0.00013465,0.0024464,-0.0015321,0.0012,0.0013172,0.98922,0,4.6581e-19,0,0.020724
0.2,0,-4.8789e-19,0,0,0,0,-0.062444,0.99318,-0.00015288,2.5802,20.86,-15.548,0.0011733,0.001083,-0.0024101,-0.0016781,0.0022666,-0.0020204,0.98926,0,-2.4659e-19,0,0.020724
0.21,0,8.6736e-19,0,0,0,0,-0.061891,0.99453,0.00061026,2.5802,20.86,-15.633,0.0048158,0.0035117,-0.0060526,0.00090711,0.0042741,-0.0055559,0.9893,0,4.3837e-19,0,0.020724
0.22,0,3.2526e-19,0,0,0,0,-0.060785,0.99356,0.00041948,2.5802,20.86,-15.633,-4.0715e-05,0.0010774,-0.0048384,-0.0015223,0.0031426,-0.0058605,0.98935,0,1.6438e-19,0,0.020724
0.23,0,-8.6736e-19,0,0,0,0,-0.061707,0.99356,-0.00072524,2.413,20.955,-15.548,-4.3245e-05,-0.00013959,-0.0024101,-0.0022614,0.0017834,-0.0034141,0.98944,0,-4.3831e-19,0,0.020724
0.24,0,3.2526e-19,0,0,0,0,-0.063182,0.99125,-0.00072524,2.413,20.955,-15.548,-0.0012573,-0.0013534,0.0012323,-0.0033743,0.0004801,-9.8161e-06,0.98953,0,1.6435e-19,0,0.020724
0.25,0,6.5052e-19,0,0,-1.0842e-19,0,-0.063366,0.99337,-0.0012976,2.4966,20.766,-15.548,-0.0012572,-0.00013255,0.0012323,-0.0036482,0.00086928,0.00058952,0.98959,0,3.2868e-19,0,0.020724
0.26,0,8.6736e-19,0,0,2.1684e-19,0,-0.062076,0.99376,-0.0016792,2.4966,20.766,-15.548,-0.0036854,-0.00012906,0.0024464,-0.0052475,0.0009302,0.0014917,0.98966,0,4.3821e-19,0,0.020724
0.27,0,7.5894e-19,0,0,0,0,-0.062076,0.99491,-0.00091603,2.7473,21.143,-15.378,-0.0037295,-0.00015701,0.0024464,-0.0056953,0.0010075,0.0006874,0.98968,0,3.8343e-19,0,0.020724
0.28,0,4.3368e-19,0,0,0,0,-0.061891,0.99279,0.00080105,2.7473,21.143,-15.378,-0.0013192,-0.00017543,0.0012323,-0.0040973,0.0011018,-0.00035173,0.98972,0,2.1909e-19,0,0.020724
0.29,0,6.5052e-19,0,0,0,0,-0.061522,0.99356,0.00061026,2.4966,20.955,-15.463,-0.0025487,-0.00020314,1.8137e-05,-0.0043694,0.00099543,-0.00038466,0.9898,0,3.2861e-19,0,0.020724
0.3,0,2.1684e-19,0,0,0,0,-0.062076,0.99511,-0.00091603,2.4966,20.955,-15.463,-0.0013394,-0.0014168,0.0012323,-0.0035927,-2.4545e-05,0.00050016,0.98987,0,1.0953e-19,0,0.020725
0.31,0,-6.5052e-19,0,0,0,0,-0.062629,0.9953,-0.0016792,2.413,20.955,-14.87,-8.6294e-05,-0.0013882,1.8137e-05,-0.0024736,-0.00041363,0.00016728,0.98996,0,-3.2856e-19,0,0.020725
0.32,0,7.5894e-19,0,0,-1.0842e-19,0,-0.062444,0.99279,-0.0011068,2.413,20.955,-14.87,-8.0954e-05,-0.0013567,0.0012323,-0.0020743,-0.00049861,0.00089443,0.99004,0,3.8329e-19,0,0.020725
0.33,0,-4.3368e-19,0,0,0,0,-0.063182,0.99318,-0.0012976,2.413,20.766,-15.463,-6.5336e-05,-0.0013346,0.0012323,-0.0019392,-0.00056354,0.0013188,0.99013,0,-2.19e-19,0,0.020725
0.34,0,6.5052e-19,0,0,-2.1684e-19,0,-0.063551,0.99337,-0.0020607,2.413,20.766,-15.463,-0.0012742,0.0023082,-0.0024101,-0.0027046,0.001849,-0.0010458,0.99021,0,3.2848e-19,0,0.020725
0.35,0,0,0,0,0,0,-0.063551,0.99511,-0.0020607,2.413,20.86,-15.378,0.0023658,0.0010727,-0.0024101,-0.00036344,0.0017038,-0.0017864,0.99029,0,0,0,0.020725
0.36,0,4.3368e-19,0,0,0,0,-0.06226,0.99337,3.7903e-05,2.413,20.86,-15.378,0.0035929,0.0010576,-0.0036243,0.0013242,0.0017792,-0.002979,0.99038,0,2.1895e-19,0,0.020725
0.37,0,-1.0842e-19,0,0,1.0842e-19,0,-0.061154,0.99318,0.0019458,2.3294,20.672,-15.463,0.0011647,0.0022599,-0.0024101,0.00027854,0.0027226,-0.0022677,0.99047,0,-5.4732e-20,0,0.020725
0.38,0,-1.0842e-19,0,0,0,0,-0.060232,0.99337,0.00099184,2.3294,20.672,-15.463,-6.9774e-05,0.0010431,-0.001196,-0.00078769,0.0020723,-0.0013152,0.99056,0,-5.4727e-20,0,0.020725
0.39,0,4.3368e-19,0,0,0,0,-0.061707,0.99491,-0.00091603,2.4966,20.766,-15.463,-0.0025005,-0.00015837,1.8137e-05,-0.0028518,0.00091615,-0.00078486,0.99063,0,2.1889e-19,0,0.020725
0.4,0,-1.0842e-19,0,0,0,0,-0.063366,0.99298,-0.0016792,2.4966,20.766,-15.463,-0.0024774,-0.00013657,1.8137e-05,-0.0035459,0.00049586,-0.00043935,0.9907,0,-5.4719e-20,0,0.020725
0.41,0,1.0842e-19,0,0,1.0842e-19,0,-0.064104,0.99395,-0.0016792,2.2459,20.86,-15.718,-0.0024697,0.0010962,0.0024464,-0.0037503,0.0011276,0.0026202,0.99079,0,5.4714e-20,0,0.020725
0.42,0,-1.0842e-19,0,0,5.421e-20,0,-0.062813,0.99376,-0.0016792,2.2459,20.86,-15.718,-3.8771e-05,0.0010995,0.0012323,-0.0020014,0.0013143,0.0025374,0.99088,0,-5.4709e-20,0,0.020725
0.43,0,2.1684e-19,0,0,0,0,-0.063182,0.99472,-0.00034367,2.2459,20.86,-15.633,-0.0012554,-0.00012645,0.0012323,-0.0022959,0.0006036,0.0024705,0.99097,0,1.0941e-19,0,0.020725
0.44,0,-1.0842e-19,0,0,-5.421e-20,0,-0.061707,0.99395,-0.00053446,2.2459,20.86,-15.633,-5.1252e-05,0.0010698,0.0012323,-0.0014179,0.0011917,0.0022735,0.99106,0,-5.4699e-20,0,0.020725
0.45,0,-1.0842e-19,0,0,5.421e-20,0,-0.062444,0.99414,-0.00091603,2.2459,20.86,-15.548,-5.872e-05,0.0010641,1.8137e-05,-0.0011768,0.0013203,0.0013855,0.99114,0,-5.4695e-20,0,0.020725
0.46,0,1.0842e-19,0,0,-5.421e-20,0,-0.062813,0.99491,-0.00072524,2.2459,20.86,-15.548,0.0011505,0.0034958,-0.001196,-0.00025991,0.0030356,0.00027211,0.99122,0,5.469e-20,0,0.020725
0.47,0,-2.1684e-19,0,0,0,0,-0.062629,0.99376,-0.00053446,2.4966,20.86,-15.378,0.0035714,0.0010769,-0.001196,0.0017254,0.0019537,-0.0012797,0.99128,0,-1.0937e-19,0,0.020725
0.48,0,1.0842e-19,0,0,0,0,-0.062076,0.99376,-0.00015288,2.4966,20.86,-15.378,0.0011483,0.0010833,1.8137e-05,0.00072137,0.0016429,-0.00094183,0.99135,0,5.4683e-20,0,0.020725
0.49,0,-1.0842e-19,0,0,0,0,-0.062444,0.99376,-0.00053446,2.2459,20.483,-15.294,0.0011534,0.0010836,-0.0024101,0.00042234,0.0014444,-0.0014611,0.99142,0,-5.4679e-20,0,0.020725
0.5,0,-1.0842e-19,0,0,0,0,-0.063182,0.99395,-0.00034367,2.2459,20.483,-15.294,-5.0587e-05,0.0035122,-0.001196,-0.00052421,0.0030576,-0.00073685,0.9915,0,-5.4675e-20,0,0.020725
0.51,0,1.0842e-19,0,0,0,0,-0.062813,0.99433,0.00022869,2.3294,20.86,-15.378,0.0011712,0.0022984,-0.001196,8.679e-05,0.0027526,-0.00082581,0.99157,0,5.4671e-20,0,0.020725
0.52,0,-2.1684e-19,0,0,-1.0842e-19,0,-0.061891,0.99395,0.0011826,2.3294,20.86,-15.378,-3.7899e-05,0.0023017,1.8137e-05,-0.00047523,0.0027195,-0.00011344,0.99164,0,-1.0933e-19,0,0.020725
0.53,0,-1.0842e-19,0,0,0,0,-0.061154,0.99414,0.00041948,2.2459,20.86,-15.463,-4.0314e-05,-0.00012035,0.0012323,-0.00057331,0.00094727,0.001263,0.99171,0,-5.4663e-20,0,0.020725
0.54,0,1.0842e-19,0,0,0,0,-0.061338,0.99453,-0.00034367,2.2459,20.86,-15.463,-0.0012618,0.0023142,1.8137e-05,-0.0014393,0.0020241,0.00083516,0.99178,0,5.466e-20,0,0.020725
0.55,0,2.1684e-19,0,0,0,0,-0.062444,0.99472,0.00041948,2.2459,20.86,-15.463,0.0011665,0.0011092,0.0012323,-8.3449e-05,0.0015565,0.0016223,0.99184,0,1.0931e-19,0,0.020725
0.56,0,2.1684e-19,0,0,0,0,-0.062444,0.99433,-0.00072524,2.2459,20.86,-15.463,-0.0036874,-9.8779e-05,0.0012323,-0.0030043,0.00048968,0.001838,0.99191,0,1.093e-19,0,0.020725
0.57,0,0,0,0,0,0,-0.063551,0.99588,-0.0014884,2.3294,20.86,-15.802,-3.7498e-05,-0.00010149,1.8137e-05,-0.0014191,0.00011615,0.00085781,0.99197,0,0,0,0.020725
0.58,0,1.0842e-19,0,0,0,0,-0.063366,0.99433,-0.0026331,2.3294,20.86,-15.802,-3.7422e-05,-0.00010419,1.8137e-05,-0.00090939,-8.1857e-05,0.00053901,0.99203,0,5.4645e-20,0,0.020725
0.59,0,0,0,0,2.1684e-19,0,-0.064104,0.99511,-0.0030147,2.2459,20.86,-15.548,0.0023909,0.0023214,-0.001196,0.00089584,0.0014849,-4.6723e-05,0.9921,0,0,0,0.020725
0.6,0,1.0842e-19,0,0,-1.0842e-19,0,-0.064104,0.99376,-0.0016792,2.2459,20.86,-15.548,0.002391,0.0035387,1.8137e-05,0.0014581,0.0028954,0.00059019,0.99216,0,5.4639e-20,0,0.020725
0.61,0,1.0842e-19,0,0,0,0,-0.063919,0.99491,-0.0011068,2.1623,20.672,-15.378,0.0048169,0.0023248,-0.0024101,0.0033418,0.0025069,-0.00067117,0.99222,0,5.4635e-20,0,0.020725
0.62,0,1.0842e-19,0,0,0,0,-0.062813,0.99453,-0.00015288,2.1623,20.672,-15.378,0.0023838,0.0047505,-0.0024101,0.0023254,0.0041331,-0.0011949,0.99228,0,5.4632e-20,0,0.020725
0.63,0,1.0842e-19,0,0,-1.6941e-20,0,-0.061522,0.99337,0.00041948,1.9951,20.766,-15.378,0.0048122,0.0047536,-0.0024101,0.0037923,0.0046208,-0.0007227,0.99235,0,5.4628e-20,0,0.020725
0.64,0,0,0,0,-1.4569e-19,0,-0.061707,0.99433,0.0027089,1.9951,20.766,-15.378,0.0023889,0.0035397,-0.0024101,0.002562,0.0040819,-0.00063044,0.99241,0,0,0,0.020725
0.65,0,0,0,0,2.1684e-19,0,-0.060416,0.99433,0.0036628,2.1623,20.955,-15.463,0.0048172,0.0035371,-0.001196,0.0039644,0.0040175,-0.00062815,0.99247,0,0,0,0.020725
0.66,0,0,0,0,-5.421e-20,0,-0.058203,0.99491,0.004426,2.1623,20.955,-15.463,0.0023915,0.0023232,-0.001196,0.0028752,0.0032067,-0.00086126,0.99253,0,0,0,0.020725
0.67,0,0,0,0,2.1684e-19,0,-0.057834,0.99453,0.004426,2.1623,20.672,-15.463,0.0011798,0.0023263,0.0012323,0.0017293,0.0029482,0.00063021,0.99259,0,0,0,0.020725
0.68,0,0,0,0,1.0842e-19,0,-0.058388,0.99279,0.0032813,2.1623,20.672,-15.463,-3.4227e-05,-9.8824e-05,0.0024464,0.00049427,0.0010919,0.0019809,0.99264,0,0,0,0.020725
0.69,0,0,0,0,-5.7598e-20,0,-0.060969,0.99433,0.0013734,1.9951,20.766,-15.718,-3.9023e-05,-9.859e-05,0.0024464,-5.8154e-05,0.00031732,0.0034464,0.9927,0,0,0,0.020725
0.7,0,0,0,0,2.3717e-20,0,-0.061891,0.99433,-0.00072524,1.9951,20.766,-15.718,-0.0024697,-0.00010123,0.0024464,-0.0019585,-7.5303e-05,0.0039178,0.99275,0,0,0,0.020725
0.71,0,0,0,0,2.7105e-20,0,-0.062629,0.99491,-0.0016792,2.0787,20.766,-15.548,0.0011632,0.0011045,0.0012323,-6.3485e-05,0.00059598,0.0028233,0.99281,0,0,0,0.020725
0.72,0,0,0,0,-1.3553e-20,0,-0.063551,0.99337,-0.0020607,2.0787,20.766,-15.548,-0.001265,0.0023161,1.8137e-05,-0.0012233,0.0016087,0.0017081,0.99286,0,0,0,0.020725
0.73,0,0,0,0,-1.3553e-19,0,-0.064104,0.99395,-0.0022515,2.1623,20.766,-15.718,0.0011634,0.0035305,-0.001196,8.1347e-05,0.0027648,0.00020659,0.99291,0,0,0,0.020725
0.74,0,0,0,0,-5.421e-20,0,-0.063735,0.99337,-0.0011068,2.1623,20.766,-15.718,0.0035942,0.0035336,-0.001196,0.0021942,0.003205,-0.000305,0.99296,0,0,0,0.020725
0.75,0,0,0,0,0,0,-0.062076,0.99491,0.00061026,2.2459,20.766,-15.633,0.0048108,0.0035339,1.8137e-05,0.00381,0.003494,-0.0001975,0.99301,0,0,0,0.020725
0.76,0,0,0,0,-1.0842e-19,0,-0.0606,0.99433,0.0011826,2.2459,20.766,-15.633,0.003604,0.0011058,1.8137e-05,0.0035729,0.0019469,-0.00029397,0.99305,0,0,0,0.020725
0.77,0,0,0,0,0,0,-0.060416,0.99376,0.0013734,2.3294,20.766,-15.294,0.0023971,0.0035344,-0.001196,0.0026793,0.0031896,-0.0016387,0.9931,0,0,0,0.020725
0.78,0,0,0,0,2.1684e-19,0,-0.061522,0.99298,0.0019458,2.3294,20.766,-15.294,0.0023996,0.0023205,-0.0024101,0.0023303,0.0027523,-0.0027414,0.99314,0,0,0,0.020725
0.79,0,0,0,0,2.1684e-19,0,-0.061154,0.99337,0.0036628,2.2459,20.86,-15.294,0.0011903,0.0023207,-0.001196,0.0014218,0.002707,-0.0018442,0.99319,0,0,0,0.020725
0.8,0,0,0,0,-1.0842e-19,0,-0.058941,0.99356,0.0036628,2.2459,20.86,-15.294,0.0024069,0.0011097,-0.0011987,0.0021457,0.0018546,-0.001777,0.99323,0,0,0,0.020725
0.81,0,5.421e-20,0,0,1.0842e-19,0,-0.058756,0.99433,0.0030905,2.3294,20.672,-15.718,-0.0012355,0.0023269,0.0012295,-0.00013695,0.0024005,-0.00037488,0.99328,0,2.7289e-20,0,0.020725
0.82,0,5.421e-20,0,0,-1.0842e-19,0,-0.059863,0.99298,0.0034721,2.3294,20.672,-15.718,-2.1333e-05,0.0011158,1.27e-05,-7.7062e-05,0.0017379,-0.00064858,0.99332,0,2.7287e-20,0,0.020725
0.83,0,0,0,0,0,0,-0.061522,0.9926,0.0011826,2.4966,20.577,-15.378,-0.0012354,-0.0013095,0.0024383,-0.0010137,-0.00026632,0.00024968,0.99336,0,0,0,0.020725
0.84,0,0,0,0,0,0,-0.063366,0.99491,-0.0022515,2.4966,20.577,-15.378,-0.0036613,0.0011134,0.0024436,-0.0030857,0.00054331,0.00075259,0.9934,0,0,0,0.020725
0.85,0,0,0,0,-2.1684e-19,0,-0.06521,0.99472,-0.003587,2.3294,20.86,-15.633,-2.3584e-05,-0.0013174,0.0024488,-0.0013173,-0.0010432,0.0020309,0.99344,0,0,0,0.020725
0.86,0,0,0,0,-2.1684e-19,0,-0.066132,0.99414,-0.0032055,2.3294,20.86,-15.633,-0.0012448,0.0011083,0.0012425,-0.0016727,0.00018592,0.0016672,0.99348,0,0,0,0.020725
0.87,0,0,0,0,1.0842e-19,0,-0.065395,0.99356,-0.0024423,2.2459,20.483,-15.294,0.0023953,-0.0013253,3.3497e-05,0.00080202,-0.0010625,0.00081734,0.99353,0,0,0,0.020725
0.88,0,0,0,0,1.0842e-19,0,-0.062629,0.99433,-0.0011068,2.2459,20.483,-15.294,0.0023954,0.0023146,3.6039e-05,0.0017644,0.0011924,0.00028314,0.99357,0,0,0,0.020725
0.89,0,0,0,0,2.7105e-20,0,-0.060785,0.99511,0.0021366,1.9951,20.672,-15.548,0.0036143,0.0023148,3.5961e-05,0.0030335,0.0020415,0.0011818,0.99361,0,0,0,0.020725
0.9,0,0,0,0,2.4395e-19,0,-0.058203,0.99376,0.0059523,1.9951,20.672,-15.548,0.0024049,0.001101,-0.0011783,0.0027544,0.0017384,0.00032926,0.99365,0,0,0,0.020725
0.91,0,0,0,0,0,0,-0.055622,0.99472,0.011485,2.1623,20.672,-15.463,0.0036238,-0.00011571,-0.0023977,0.0036893,0.0012366,-0.0018424,0.99369,0,0,0,0.020725
0.92,0,1.0842e-19,0,0,-3.2526e-19,0,-0.052118,0.99453,0.017018,2.1623,20.672,-15.463,0.0011956,-0.00011823,-0.0024003,0.0025251,0.0014508,-0.0028357,0.99373,0,5.4552e-20,0,0.020725
0.93,0,1.0842e-19,0,0,1.0842e-18,0,-0.046402,0.9953,0.019117,2.1623,21.049,-15.294,0.001198,-0.0061887,-0.0036171,0.0025524,-0.0025578,-0.0044888,0.99377,0,5.455e-20,0,0.020725
0.94,0,-1.0842e-19,0,0,1.4095e-18,0,-0.042345,0.99742,0.018735,2.1623,21.049,-15.294,-0.0036586,-0.0098336,-0.0024056,-0.000546,-0.0063597,-0.0045049,0.99381,0,-5.4548e-20,0,0.020725
0.95,0,-2.1684e-19,0,0,-1.5331e-19,0,-0.046955,0.99742,0.010531,1.6608,20.672,-15.463,-0.007301,-0.014693,-0.0036198,-0.0044034,-0.011636,-0.0025296,0.99384,0,-1.0909e-19,0,0.020725
0.96,0,1.6263e-19,0,0,-7.5894e-19,0,-0.055806,0.98315,0.016255,1.6608,20.672,-15.463,-0.013374,-0.017129,-0.001189,-0.010487,-0.014574,0.00060502,0.99388,0,8.1816e-20,0,0.020725
0.97,0,-1.0842e-19,0,0,8.1315e-19,0,-0.073139,1.0003,-0.011028,2.1623,21.143,-15.548,-0.0073102,-0.015917,-0.0084713,-0.0092495,-0.016553,-0.0041657,0.99392,0,-5.4542e-20,0,0.020725
0.98,0,0,0,0,8.6736e-19,0,-0.093054,0.98489,-0.058534,2.1623,21.143,-15.548,-0.01824,-0.023205,0.013383,-0.017747,-0.025627,0.011162,0.99395,0,0,0,0.020725
0.99,0,1.0842e-19,0,0,-1.301e-18,0,-0.11832,0.98238,-0.04079,2.413,20.766,-15.718,-0.0146,-0.0098517,3.2672e-05,-0.011321,-0.011123,-0.00075946,0.98223,0,5.5191e-20,0,0.020725
1,0,0,0,0,-5.9631e-19,0,-0.08826,0.98296,-0.019041,2.413,20.766,-15.718,0.007255,0.0034959,3.5165e-05,-0.00056245,-0.0025271,0.0016024,0.98233,0,0,0,0.020725
1.01,0,5.421e-20,0,0,-3.7947e-19,0,-0.042345,1.0121,0.0072878,1.9115,20.577,-15.633,0.009681,0.0095614,0.0048942,0.0077563,0.0063287,0.0033829,0.98243,0,2.759e-20,0,0.020725
1.02,0,5.421e-20,0,0,-2.9273e-18,0,-0.027778,1.0067,0.037432,1.9115,20.577,-15.633,0.0096811,0.0095562,-0.0023907,0.011229,0.011107,-0.0025462,0.98253,0,2.7587e-20,0,0.020725
1.03,0,5.421e-20,0,0,0,0,-0.053409,0.9978,-0.0033963,2.0787,20.86,-15.887,0.0036128,-0.0074465,0.0061056,0.0061595,-0.0021931,0.0035572,0.98263,0,2.7584e-20,0,0.020725
1.04,0,-5.421e-20,0,0,9.7578e-19,0,-0.079778,0.98855,-0.029916,2.0787,20.672,-15.548,-0.0085309,-0.01352,0.0012464,-0.0056061,-0.012403,0.0043067,0.98273,0,-2.7581e-20,0,0.020725
1.05,0,-5.421e-20,0,0,-4.3368e-19,0,-0.095636,0.97891,-0.02858,2.0787,20.672,-15.548,-0.0024532,-0.002592,-0.012112,-0.00067297,-0.0031028,-0.010806,0.97147,0,-2.7901e-20,0,0.020725
1.06,0,-5.421e-20,0,0,-6.5052e-19,0,-0.080331,0.99376,-0.013317,2.0787,20.766,-15.548,0.0024034,0.0034791,-0.013326,-0.00017137,0.00025298,-0.0099412,0.97163,0,-2.7896e-20,0,0.020725
1.07,0,-5.421e-20,0,0,-8.6736e-19,0,-0.05009,1.0044,0.0090049,2.0787,20.766,-15.548,-0.0036673,0.0059078,-0.0036129,-0.0020405,0.0047189,-0.0058894,0.97179,0,-2.7892e-20,0,0.020725
1.08,0,0,0,0,-4.3368e-19,0,-0.037735,0.99703,0.028274,2.3294,21.049,-15.633,0.0048272,0.0059027,3.1989e-05,0.0040873,0.0074655,-0.0043674,0.97195,0,0,0,0.020725
1.09,0,-1.0842e-19,0,0,1.7347e-18,0,-0.041054,0.99703,0.026748,2.3294,21.049,-15.633,0.0048227,0.0022525,0.0097451,0.0056402,0.0055629,0.0032545,0.9721,0,-5.5766e-20,0,0.020725
1.1,0,-1.0842e-19,0,0,0,0,-0.055253,0.99915,0.00022869,2.0787,20.766,-15.463,0.0035994,-0.0050374,0.013392,0.0042172,-0.0020674,0.010595,0.97226,0,-5.5757e-20,0,0.020725
1.11,0,1.0842e-19,0,-5.6424e-37,6.5052e-19,-1.7347e-18,-0.075536,0.98874,-0.020376,2.0787,20.766,-15.463,-0.0012616,-0.007476,0.009755,-0.0009863,-0.0075989,0.012173,0.97241,0,5.5748e-20,0,0.020725
1.12,0,5.421e-20,0,0,-1.5179e-18,0,-0.086047,0.9845,-0.02133,2.0787,20.766,-15.548,-0.003699,-0.0062722,-0.0023815,-0.0049149,-0.0085068,0.0051273,0.97255,0,2.787e-20,0,0.020725
1.13,0,-5.421e-20,0,0,7.5894e-19,0,-0.075536,0.99376,-0.012363,2.0787,20.766,-15.548,-0.0049176,0.0022191,-0.0048049,-0.0060943,-0.0021151,0.00018979,0.9727,0,-2.7866e-20,0,0.020725
1.14,0,0,0,0,0,0,-0.055622,0.99935,0.0034721,2.0787,20.766,-15.633,-0.0037124,0.0046398,-0.0048025,-0.0041868,0.0027547,-0.0032081,0.97285,0,0,0,0.020725
1.15,0,5.421e-20,0,0,1.6263e-18,0,-0.046586,0.99935,0.018163,2.0787,20.766,-15.633,0.0011397,0.004635,-0.0023718,0.00035753,0.0052667,-0.0034275,0.973,0,2.7857e-20,0,0.020725
1.16,0,-1.0842e-19,0,0,3.2526e-19,0,-0.04843,0.99703,0.015301,1.9951,20.766,-15.463,0.0011376,-0.00022646,0.0024821,0.0015552,0.0023906,0.00040885,0.97314,0,-5.5706e-20,0,0.020725
1.17,0,-1.6263e-19,0,0,1.8974e-19,0,-0.058388,0.99356,-0.0026331,1.9951,20.766,-15.463,0.0047802,-0.0038684,0.0085478,0.003704,-0.0023269,0.0067393,0.97328,0,-8.3547e-20,0,0.020725
1.18,0,-5.421e-20,0,0,7.5894e-19,0,-0.071664,0.98874,-0.013508,2.0787,20.86,-15.633,0.0035662,-0.0026537,0.0012578,0.0025951,-0.003716,0.004511,0.97343,0,-2.7845e-20,0,0.020725
1.19,0,0,0,0,-1.0842e-19,0,-0.07904,0.98855,-0.013317,2.0787,20.86,-15.633,0.0011425,-0.00022497,-0.0072462,0.00012723,-0.0024404,-0.0014526,0.97357,0,0,0,0.020725
1.2,0,0,0,0,3.9302e-19,0,-0.068161,0.99318,-0.0051133,2.0787,20.86,-15.378,0.0023546,0.0034153,-0.013319,0.0010422,0.0011627,-0.0086008,0.9737,0,0,0,0.020725
1.21,0,5.421e-20,0,0,1.6263e-19,0,-0.0547,0.99665,0.0074786,2.0787,20.86,-15.378,-0.0024996,0.0034105,-0.0096771,-0.0010681,0.0032177,-0.0095773,0.97384,0,2.7833e-20,0,0.020725
1.22,0,5.421e-20,0,-1.3166e-36,-7.5894e-19,3.4694e-18,-0.048799,0.99607,0.015492,2.1623,20.483,-15.378,-0.0025017,0.002189,-0.003604,-0.0013134,0.0035766,-0.0066931,0.97398,0,2.7829e-20,0,0.020725
1.23,0,5.421e-20,0,0,-8.6736e-19,0,-0.051749,0.99549,0.01015,2.1623,20.483,-15.378,-0.0012942,-0.0014608,0.0097539,-0.00079753,0.00073107,0.0037628,0.97411,0,2.7825e-20,0,0.020725
1.24,0,-1.0842e-19,0,0,2.1684e-19,0,-0.060785,0.99337,-0.0030147,2.1623,20.672,-15.463,0.0011252,-0.0038965,0.012182,0.00037328,-0.0028017,0.0095904,0.97424,0,-5.5643e-20,0,0.020725
1.25,0,5.421e-20,0,0,-5.6921e-19,0,-0.072033,0.99048,-0.011028,2.1623,20.672,-15.463,0.0011187,-0.0051127,0.0085396,-4.8513e-05,-0.005317,0.0098725,0.97437,0,2.7818e-20,0,0.020725
1.26,0,0,0,0,2.7105e-19,0,-0.073139,0.99028,-0.010837,2.1623,21.238,-15.463,-0.0013139,-0.0026917,4.3003e-05,-0.0018871,-0.0043669,0.0043181,0.9745,0,0,0,0.020725
1.27,0,0,0,0,-3.0493e-19,0,-0.067054,0.99414,-0.0051133,2.1623,21.238,-15.463,-0.00010409,0.0021602,-0.0035946,-0.0011315,-0.00024602,-0.00052957,0.97463,0,0,0,0.020725
1.28,0,0,0,0,1.6263e-19,0,-0.058019,0.99607,0.0030905,1.9115,20.672,-15.463,-0.0013203,0.0045839,-0.0072347,-0.0010938,0.0032579,-0.0044473,0.97476,0,0,0,0.020725
1.29,0,0,0,0,3.2526e-19,0,-0.055068,0.99607,0.0076694,1.9115,20.672,-15.463,0.0011037,0.0021536,-0.0035899,0.00078603,0.002964,-0.0034247,0.97489,0,0,0,0.020725
1.3,0,5.421e-20,0,0,-1.6263e-19,0,-0.056728,0.9953,0.0036628,2.0787,20.577,-15.718,0.0011062,-0.00027928,0.0012641,0.0012257,0.00092647,-0.00031874,0.97501,0,2.78e-20,0,0.020725
1.31,0,-5.421e-20,0,0,-1.7618e-19,0,-0.063366,0.99221,-0.003587,2.0787,20.577,-15.718,0.0035346,-0.0014954,0.0036923,0.0025563,-0.001079,0.0029234,0.97514,0,-2.7796e-20,0,0.020725
1.32,0,0,0,0,2.1684e-19,0,-0.068898,0.99009,-0.0074028,2.2459,21.049,-15.378,0.0035371,-0.0002781,4.491e-05,0.0025825,-0.0010868,0.0012206,0.97526,0,0,0,0.020725
1.33,0,0,0,0,5.421e-20,0,-0.068714,0.9926,-0.0056857,2.2459,21.049,-15.378,0.0023298,0.00093406,-0.0036024,0.0018096,-0.00010275,-0.001863,0.97538,0,0,0,0.020725
1.34,0,0,0,0,0,0,-0.06226,0.99511,-0.00015288,1.9115,20.577,-15.209,0.00233,0.0021514,-0.0072498,0.002055,0.0013954,-0.0046331,0.9755,0,0,0,0.020725
1.35,0,0,0,0,-4.0658e-19,0,-0.056912,0.99588,0.0063339,1.9115,20.577,-15.209,0.0011182,0.0021494,-0.0060381,0.0016649,0.0023284,-0.0051811,0.97562,0,0,0,0.020725
1.36,0,0,0,0,-3.2526e-19,0,-0.055806,0.99511,0.0072878,2.1623,20.483,-15.378,-0.0013143,-0.00027575,3.2534e-05,-6.9222e-05,0.0010524,-0.0023775,0.97574,0,0,0,0.020725
1.37,0,5.421e-20,0,0,2.1684e-19,0,-0.058572,0.99491,0.0027089,2.1623,20.483,-15.378,-0.0025327,-0.0014944,0.0036749,-0.0016447,-0.00053178,0.0012916,0.97585,0,2.7776e-20,0,0.020725
1.38,0,0,0,0,-2.1684e-19,0,-0.064473,0.99433,-0.003587,1.9115,20.672,-15.463,-0.00011084,-0.0039272,0.0085314,-0.00086141,-0.0032398,0.007501,0.97597,0,0,0,0.020725
1.39,0,0,0,0,2.7105e-19,0,-0.068161,0.99453,-0.006258,1.9115,20.672,-15.463,-0.00011505,-0.0015009,0.0061054,-0.00086201,-0.0025739,0.007977,0.97608,0,0,0,0.020725
1.4,0,0,0,0,-8.8091e-20,0,-0.065948,0.99414,-0.004541,2.0787,20.766,-15.548,-0.0013356,0.00092801,0.0036819,-0.0015327,-0.00049115,0.0054882,0.9762,0,0,0,0.020725
1.41,0,0,0,0,-5.421e-20,0,-0.061707,0.99549,-0.00053446,2.0787,20.766,-15.548,-0.00012343,0.0009286,-0.00117,-0.00058602,0.00045954,0.00095974,0.97631,0,0,0,0.020725
1.42,0,0,0,0,5.421e-20,0,-0.058572,0.9978,0.0027089,1.7444,20.672,-15.294,-0.0013395,0.00094184,-0.0023771,-0.00091351,0.00091495,-0.0001484,0.97642,0,0,0,0.020725
1.43,0,0,0,0,1.0842e-19,0,-0.058941,0.99607,0.0028997,1.7444,20.672,-15.294,-0.0013327,-0.00025155,-0.0035866,-0.0010487,0.00023322,-0.0013327,0.97653,0,0,0,0.020725
1.44,0,0,0,0,-4.0658e-20,0,-0.0606,0.99453,0.00061026,1.9115,20.955,-15.378,0.0011089,-0.00022081,-0.0023655,0.00047083,-8.6887e-05,-0.0013978,0.97664,0,0,0,0.020725
1.45,0,0,0,0,-1.6263e-19,0,-0.064841,0.99395,-0.0039686,1.9115,20.955,-15.378,0.0023473,0.001029,-0.0011491,0.0014938,0.00033715,-0.00021219,0.97675,0,0,0,0.020725
1.46,0,0,0,0,-1.0842e-19,0,-0.064841,0.99298,-0.003587,1.9951,20.672,-15.548,0.0011464,-0.00015219,-0.0011327,0.00098147,-0.00028122,-0.0003026,0.97686,0,0,0,0.020725
1.47,0,0,0,0,5.421e-20,0,-0.062813,0.99395,-0.00072524,1.9951,20.672,-15.548,0.0011793,0.002324,-0.0035871,0.0010035,0.0014641,-0.0022397,0.97697,0,0,0,0.020725
1.48,0,0,0,0,2.1684e-19,0,-0.059678,0.9953,0.0036628,1.8279,20.766,-15.378,-0.0012228,0.00113,-0.0035872,-0.00042403,0.001447,-0.0024036,0.97707,0,0,0,0.020725
1.49,0,-1.3553e-20,0,0,1.8974e-19,0,-0.058388,0.99665,0.0049983,1.8279,20.766,-15.378,-0.0012358,-9.1431e-05,-0.0023731,-0.00077713,0.00068679,-0.0017771,0.97718,0,-6.9345e-21,0,0.020725
1.5,0,-1.3553e-20,0,0,-1.3553e-19,0,-0.062076,0.99318,0.0025181,1.9115,20.672,-15.463,-0.0048956,-0.0025394,0.0012598,-0.0036868,-0.0014188,0.00087248,0.97728,0,-6.9338e-21,0,0.020725
1.51,0,1.3553e-20,0,0,5.421e-20,0,-0.067423,0.99086,-0.0016792,1.9115,20.672,-15.463,-0.0024846,-0.0025591,0.0036927,-0.0032758,-0.0023999,0.0038307,0.97738,0,6.9331e-21,0,0.020725
1.52,0,0,0,0,-4.3368e-19,0,-0.068714,0.99125,-0.0056857,1.41,20.766,-15.378,-6.7083e-05,-0.0013471,0.0037019,-0.00053511,-0.0010326,0.00043814,0.96852,0,0,0,0.020725
1.53,0,2.7105e-20,0,0,4.3368e-19,0,-0.065026,0.99568,-0.0060673,1.41,20.766,-15.378,0.0023548,-0.001332,0.0036902,0.0016968,-0.00060543,-0.00028476,0.95973,0,1.4121e-20,0,0.020725
1.54,0,2.7105e-20,0,0,5.421e-20,0,-0.061338,0.99761,-0.0022515,1.7444,20.389,-15.633,0.001156,0.0011236,-0.0011688,0.0012956,0.00030334,0.00050918,0.95991,0,1.4119e-20,0,0.020725
1.55,0,5.421e-20,0,0,0,0,-0.05765,0.99761,0.00061026,1.7444,20.389,-15.633,-5.3756e-05,-8.5385e-05,0.0012826,0.00058533,-2.6856e-05,0.0020532,0.96008,0,2.8232e-20,0,0.020725
1.56,3.4562e-39,1.3553e-20,4.7032e-19,0,0,0,-0.056544,0.99723,0.00099184,1.5772,20.389,-15.294,-0.0037004,0.0011216,9.3782e-05,-0.0020867,0.00070112,0.0022332,0.96026,0,7.0567e-21,2.2581e-19,0.020725
1.57,0,2.7105e-20,0,0,0,0,-0.059678,0.99376,-0.00034367,1.5772,20.389,-15.294,0.0023769,0.0035378,-0.0023277,0.0010616,0.0024817,0.00083778,0.96044,0,1.4111e-20,0,0.020725
1.58,0,0,0,5.5101e-40,4.0658e-20,2.7105e-20,-0.064288,0.99376,-0.00053446,1.9951,20.2,-15.294,0.0035825,0.0023116,-0.0023279,0.002534,0.0022572,-0.001142,0.96061,0,0,0,0.020725
1.59,0,0,0,0,-4.0658e-20,0,-0.065763,0.99356,-0.0022515,1.9951,20.2,-15.294,-0.0037109,0.0023069,-0.0011324,-0.002144,0.0020639,-0.00079594,0.96078,0,0,0,0.020725
1.6,0,-2.7105e-20,0,0,-1.0842e-19,0,-0.066132,0.99279,-0.0016792,1.8279,20.577,-15.633,0.0011394,0.0011028,-0.002372,-0.00022405,0.0011626,-0.00064048,0.96095,0,-1.4103e-20,0,0.020725
1.61,0,0,0,0,0,0,-0.065026,0.99067,0.00022869,1.8279,20.577,-15.633,0.00357,0.0011176,-0.0023904,0.0021179,0.001045,-0.00074814,0.96112,0,0,0,0.020725
1.62,0,-2.7105e-20,0,0,2.7105e-20,0,-0.063366,0.99395,0.0023273,1.9115,20.577,-15.633,-6.5917e-05,0.0023441,-0.0011718,0.0004565,0.0020355,-0.00051635,0.96129,0,-1.4098e-20,0,0.020725
1.63,0,1.6941e-21,0,0,4.0658e-20,0,-0.060416,0.99588,-0.00053446,1.9115,20.577,-15.633,-5.7237e-05,-8.8864e-05,5.1416e-05,0.00017344,0.00047364,9.767e-05,0.96145,0,8.8099e-22,0,0.020725
1.64,0,2.0329e-20,0,0,-1.0842e-19,0,-0.059863,0.99433,-0.0011068,1.6608,20.483,-15.548,-0.0012649,-0.0013125,0.0012746,-0.00071807,-0.00094099,0.0021171,0.96162,0,1.057e-20,0,0.020725
1.65,0,-6.7763e-21,0,0,0,0,-0.061891,0.99279,-0.00072524,1.6608,20.483,-15.548,-5.2768e-05,-0.00010783,0.001279,-0.00029986,-0.00051639,0.0028628,0.96178,0,-3.5228e-21,0,0.020725
1.66,0,0,0,0,0,0,-0.060416,0.99433,-0.00015288,1.5772,20.483,-15.548,0.0011593,0.0011065,0.0037026,0.00077203,0.00048494,0.0049181,0.96194,0,0,0,0.020725
1.67,0,-2.7105e-20,0,0,0,0,-0.059678,0.99414,0.00080105,1.5772,20.483,-15.548,-0.0012774,0.0023281,0.0012584,-0.00054001,0.0017067,0.0037159,0.96211,0,-1.4086e-20,0,0.020725
1.68,0,1.3553e-20,0,0,1.0842e-19,0,-0.061154,0.99472,0.00099184,1.8279,20.672,-15.548,-6.9509e-05,-9.5187e-05,0.0024702,-0.00020573,0.00047325,0.003213,0.96226,0,7.042e-21,0,0.020725
1.69,0,0,0,0,0,0,-0.063551,0.99298,-0.0024423,1.8279,20.672,-15.548,-0.0012857,-9.4999e-05,0.0024836,-0.0011129,-0.00014979,0.0032694,0.96242,0,0,0,0.020725
1.7,0,-8.1315e-20,0,-2.8212e-37,1.301e-18,-4.3368e-19,-0.05304,0.98855,0.020834,1.7444,20.86,-15.294,-0.0037181,-0.0013161,0.0025084,-0.0023619,0.00045499,0.0027098,0.96258,0,-4.2238e-20,0,0.020725
1.71,0,1.2197e-19,0,0,1.7347e-18,0,0.071427,1.0651,0.076352,1.7444,20.86,-15.294,-0.032853,-0.013465,-0.060609,-0.014332,-0.0044696,-0.053388,0.96271,0,6.3349e-20,0,0.020725
1.72,0,1.8974e-19,0,0,-8.6736e-19,0,-0.122,0.955,-0.01885,1.9951,20.672,-15.463,0.21362,0.041167,0.30242,0.14772,0.029081,0.18703,0.95464,0,9.9375e-20,0,0.020725
1.73,0,5.421e-20,0,0,8.6736e-19,0,-0.13694,1.0425,-0.031442,1.9951,20.672,-15.463,0.54994,0.10187,-0.13467,0.42952,0.082026,-0.042369,0.94666,0,2.8632e-20,0,0.020725
1.74,0,4.3368e-19,0,0,-1.0842e-19,0,-0.029991,1.0103,0.0019458,1.9115,20.577,-15.548,-0.013427,-0.0001135,-0.2233,0.12191,0.024485,-0.1688,0.94688,0,2.2901e-19,0,0.020725
1.75,0,8.6736e-19,0,0,-4.4249e-18,0,-0.0054659,0.95616,0.1065,1.9115,20.577,-15.548,0.0096419,-0.0037559,0.16036,0.046309,0.011823,0.054692,0.94711,0,4.579e-19,0,0.020725
1.76,0,-3.2526e-19,0,-4.6138e-37,-2.1277e-18,4.3368e-19,-0.058203,0.96715,0.1044,1.9115,20.483,-15.378,-0.23683,-0.013469,0.34856,-0.15089,0.0005411,0.2583,0.94733,0,-1.7167e-19,0,0.020725
1.77,0,2.1684e-19,0,0,2.9273e-18,0,-0.069083,1.0059,-0.032587,1.9115,20.483,-15.378,0.049709,-0.0013276,-0.1116,-0.013222,-0.0041561,0.0030248,0.94752,0,1.1442e-19,0,0.020725
1.78,0,1.6263e-18,0,0,3.0358e-18,0,-0.10817,1.0051,-0.099362,1.8279,20.577,-15.463,0.25368,0.018099,-0.41392,0.17532,0.01924,-0.28981,0.93974,0,8.653e-19,0,0.020725
1.79,0,-1.03e-18,0,0,1.6534e-18,0,-0.05009,0.96927,-0.022666,1.8279,20.577,-15.463,-0.17248,0.0071713,0.1203,-0.066731,0.0078902,-0.0038679,0.93997,0,-5.4789e-19,0,0.020725
1.8,0,3.7947e-19,0,0,1.301e-18,0,-0.073139,1.0071,-0.017514,1.6608,20.483,-15.378,-0.11906,-0.057178,0.049878,-0.10455,-0.039594,0.036619,0.94019,0,2.018e-19,0,0.020725
1.81,7.8146e-37,-7.0473e-19,-1.9614e-18,0,7.0473e-19,0,-0.003622,1.0109,0.026366,1.6608,20.483,-15.378,-0.060778,-0.098459,0.06809,-0.071011,-0.079228,0.055121,0.94044,0,-3.7468e-19,-9.223e-19,0.020725
1.82,0,-1.0842e-19,0,0,0,0,-0.11278,1.0171,-0.0033963,1.7444,20.672,-15.718,0.014498,0.21722,0.21379,-0.0068719,0.12778,0.15796,0.93279,0,-5.8116e-20,0,0.020725
1.83,0,-7.0473e-19,0,0,-4.2826e-18,0,-0.051196,0.95616,-0.062349,1.7444,20.672,-15.718,0.0059994,-0.18466,-0.056967,0.0011636,-0.094198,0.010137,0.93304,0,-3.7766e-19,0,0.020725
1.84,0,-5.9631e-19,0,0,7.3268e-19,0,-0.0547,0.99568,0.014538,1.8279,20.766,-15.463,0.16262,0.13344,-0.054538,0.11161,0.063658,-0.033364,0.93329,0,-3.1947e-19,0,0.020725
1.85,0,1.0842e-19,0,0,1.301e-18,0,-0.082728,0.98585,-0.065593,1.8279,20.766,-15.463,0.20876,0.026598,-0.33136,0.18081,0.043137,-0.24246,0.92576,0,5.8558e-20,0,0.020725
1.86,0,5.9631e-19,0,0,-8.6736e-19,0,-0.077012,0.99703,0.031708,1.9115,20.955,-15.124,0.0047853,0.0011006,-0.086106,0.055412,0.014652,-0.12985,0.92603,0,3.2197e-19,0,0.020725
1.87,0,3.7947e-19,0,0,-1.0842e-19,0,-0.044558,0.99472,0.0076694,1.9115,20.955,-15.124,-0.22347,-0.01954,0.0061687,-0.13793,-0.0096831,-0.035045,0.92632,0,2.0483e-19,0,0.020725
1.88,0,-4.8789e-19,0,0,2.1684e-19,0,-0.057097,1.0005,-0.0039686,2.1623,20.672,-15.294,-0.048637,0.046024,-0.10432,-0.076553,0.02747,-0.082517,0.9266,0,-2.6327e-19,0,0.020725
1.89,0,-5.421e-19,0,0,1.6263e-18,0,-0.062444,0.98392,-0.046705,2.1623,20.672,-15.294,-0.006142,0.058165,-0.063037,-0.028899,0.044303,-0.067765,0.92688,0,-2.9243e-19,0,0.020725
1.9,0,1.0842e-19,0,0,1.0842e-19,0,-0.057466,0.99819,0.0021366,2.2459,20.86,-15.209,0.025426,0.029026,-0.099462,0.0078019,0.032736,-0.089337,0.92716,0,5.8469e-20,0,0.020725
1.91,0,-1.6263e-19,0,0,1.0842e-19,0,-0.06226,0.98334,0.0040444,2.2459,20.86,-15.209,-0.031639,-0.0086125,0.014668,-0.020798,0.0033624,-0.016518,0.92743,0,-8.7678e-20,0,0.020725
1.92,0,-2.7105e-19,0,0,-2.5479e-18,0,-0.052856,0.95751,0.032472,1.9951,20.86,-15.463,-0.0012854,0.0047431,0.034094,-0.007925,0.0056288,0.019321,0.92771,0,-1.4609e-19,0,0.020725
1.93,0,-8.6736e-19,0,0,-4.3368e-19,0,-0.078118,1.0005,-0.0074028,1.9951,20.86,-15.463,0.010856,0.01567,-0.030256,0.002923,0.010966,-0.01224,0.92798,0,-4.6734e-19,0,0.020725
1.94,0,7.0473e-19,0,0,1.7889e-18,0,-0.044927,0.998,-0.039836,1.9951,20.86,-15.209,-0.1227,0.092161,-0.047254,-0.083731,0.063508,-0.036502,0.92825,0,3.796e-19,0,0.020725
1.95,0,-2.1684e-19,0,0,-9.148e-20,0,-0.061891,1.0015,-0.013126,1.9951,20.86,-15.209,0.0035712,0.016884,-0.14074,-0.023879,0.029272,-0.10699,0.92852,0,-1.1677e-19,0,0.020725
1.96,0,0,0,0,5.421e-20,0,-0.067054,1.0142,-0.00091603,2.1623,20.483,-15.039,0.16748,0.039953,-0.084892,0.1072,0.035697,-0.090277,0.92879,0,0,0,0.020725
1.97,0,-5.421e-20,0,0,4.3368e-19,0,-0.049352,1.0101,0.012439,2.1623,20.483,-15.039,-0.034067,-0.0061842,-0.013258,0.0089408,0.0067561,-0.037307,0.92905,0,-2.9175e-20,0,0.020725
1.98,0,0,0,0,1.7347e-18,0,-0.045111,0.99009,0.05155,2.2459,20.766,-15.124,-0.0097844,-0.014683,0.11908,-0.003838,-0.0052694,0.069386,0.92931,0,0,0,0.020725
1.99,0,5.421e-19,0,0,2.3852e-18,0,-0.031281,0.99723,0.047544,2.2459,20.766,-15.124,-0.18826,-0.049893,0.096015,-0.12997,-0.033596,0.084502,0.92958,0,2.9159e-19,0,0.020725
2,0,6.5052e-19,0,0,-2.6021e-18,0,-0.034232,1.0126,0.050406,2.413,20.955,-15.463,0.029068,-0.034109,0.03288,-0.018307,-0.031231,0.045241,0.92984,0,3.498e-19,0,0.020725
2.01,1.0053e-36,4.3368e-19,4.0106e-18,0,9.7578e-19,0,-0.068161,0.98797,-0.020185,2.413,20.955,-15.463,0.11284,0.070307,-0.15895,0.070965,0.036729,-0.095476,0.93009,0,2.3314e-19,1.8651e-18,0.020725
2.02,0,6.5052e-19,0,0,1.5179e-18,0,-0.026487,0.99337,0.019307,2.2459,20.766,-15.294,-0.049851,-0.1191,-0.014472,-0.011455,-0.070593,-0.041654,0.93035,0,3.4961e-19,0,0.020725
2.03,0,2.1684e-19,0,0,4.12e-18,0,-0.096004,0.98527,0.094859,2.2459,20.766,-15.294,-0.024354,0.16622,0.021953,-0.02376,0.098462,0.0066361,0.9306,0,1.1651e-19,0,0.020725
2.04,0,-6.5052e-19,0,0,-8.4568e-18,0,-0.1032,1.0022,-0.15355,2.2459,20.577,-15.294,0.024212,0.021741,-0.18081,0.0063498,0.033532,-0.11946,0.93084,0,-3.4943e-19,0,0.020725
2.05,0,-2.1684e-19,0,0,1.5179e-18,0,-0.084387,1.0003,-0.041172,2.2459,20.577,-15.294,0.070349,-0.015897,-0.013258,0.048422,-0.0043126,-0.043129,0.93109,0,-1.1644e-19,0,0.020725
2.06,0,-2.1684e-19,0,0,2.7105e-20,0,-0.060232,0.99048,0.0019458,1.9951,20.86,-14.785,0.0059994,0.08002,-0.069108,0.018317,0.053501,-0.059571,0.93134,0,-1.1641e-19,0,0.020725
2.07,0,3.2526e-19,0,0,-2.1684e-19,0,-0.048615,0.9926,0.015301,1.9951,20.86,-14.785,0.015713,0.026598,-0.025399,0.016687,0.035091,-0.035533,0.93158,0,1.7457e-19,0,0.020725
2.08,0,3.2526e-19,0,0,3.2526e-19,0,-0.048061,0.99723,0.013965,1.9951,20.766,-15.124,0.037567,0.0023148,-0.044825,0.031309,0.012608,-0.041624,0.93183,0,1.7453e-19,0,0.020725
2.09,0,-3.2526e-19,0,0,-2.1684e-19,0,-0.052303,0.99838,0.010531,1.9951,20.766,-15.124,0.032711,0.0011006,-0.027827,0.032079,0.0046793,-0.031323,0.93207,0,-1.7448e-19,0,0.020725
2.1,0,3.2526e-19,0,0,-2.1684e-19,0,-0.055068,0.99279,0.0067154,2.4966,20.766,-14.955,0.014498,0.0011006,-0.019328,0.019534,0.0021247,-0.024293,0.93231,0,1.7444e-19,0,0.020725
2.11,0,2.1684e-19,0,0,0,0,-0.060232,0.9953,0.0013734,2.4966,20.766,-14.955,0.025426,-0.0013276,-0.022971,0.022935,-0.0007019,-0.024111,0.93255,0,1.1626e-19,0,0.020725
2.12,0,-1.0842e-19,0,0,2.4903e-19,0,-0.062813,0.99279,-0.0074028,1.9951,20.955,-14.87,-0.013427,-0.0049701,0.020738,-0.0030291,-0.0047744,0.0086526,0.93279,0,-5.8116e-20,0,0.020725
2.13,0,0,0,0,1.0164e-20,0,-0.063182,0.99472,0.0013734,1.9951,20.955,-14.87,0.01207,0.0047431,-0.008401,0.0067124,0.0013315,-0.0015895,0.93303,0,0,0,0.020725
2.14,0,0,0,0,0,0,-0.059494,0.99356,3.7903e-05,2.4966,20.766,-15.209,0.0047853,0.0011006,0.0013121,0.0049157,0.00074639,-0.00052204,0.93327,0,0,0,0.020725
2.15,0,0,0,0,-2.1684e-19,0,-0.053225,0.99086,0.011104,2.4966,20.766,-15.209,0.018141,0.012028,-0.032684,0.014023,0.0088962,-0.024225,0.9335,0,0,0,0.020725
2.16,0,-3.2526e-19,0,0,-3.2526e-19,0,-0.054515,0.99356,0.0078601,2.3294,20.672,-15.124,0.0035712,-0.0086125,0.011025,0.0066351,-0.0031615,-0.00036189,0.93373,0,-1.7417e-19,0,0.020725
2.17,0,2.1684e-19,0,0,-2.1684e-19,0,-0.054515,0.98797,0.0042352,2.3294,20.672,-15.124,0.016927,0.0023148,-0.020542,0.013594,0.00048403,-0.014846,0.93396,0,1.1609e-19,0,0.020725
2.18,0,-3.2526e-19,0,0,-1.0842e-19,0,-0.060416,0.99356,-0.0032055,2.413,20.86,-14.955,-0.017069,0.0035289,0.015882,-0.0081394,0.001934,0.0061036,0.93419,0,-1.7409e-19,0,0.020725
2.19,0,-4.3368e-19,0,0,2.1684e-19,0,-0.049721,0.99453,0.011485,2.413,20.86,-14.955,0.0072136,0.029026,-0.10917,0.0027831,0.02103,-0.074915,0.93442,0,-2.3206e-19,0,0.020725
2.2,0,-1.0842e-19,0,0,7.4539e-20,0,-0.06226,0.99472,0.0032813,1.9951,20.766,-15.209,-7.1263e-05,-0.020754,0.05352,0.00020644,-0.008288,0.015998,0.93464,0,-5.8001e-20,0,0.020725
2.21,0,2.1684e-19,0,0,6.7763e-21,0,-0.063735,0.99356,-0.00034367,1.9951,20.766,-15.209,-0.0085703,0.0071713,-0.015686,-0.0065136,0.0018718,-0.0041595,0.93487,0,1.1597e-19,0,0.020725
2.22,0,2.1684e-19,0,-1.5046e-36,-4.3368e-19,6.9389e-18,-0.057281,0.99684,0.0048076,2.413,20.483,-15.039,-0.014641,0.025383,-0.086106,-0.012258,0.01804,-0.061508,0.93509,0,1.1595e-19,0,0.020725
2.23,0,-3.2526e-19,0,0,-2.1684e-19,0,-0.056912,0.99549,0.0032813,2.413,20.483,-15.039,-0.014641,0.0083855,-0.033898,-0.013965,0.011101,-0.042803,0.93531,0,-1.7388e-19,0,0.020725
2.24,0,-4.3368e-19,0,0,2.1684e-19,0,-0.056359,0.99298,0.0040444,2.413,21.049,-15.124,0.002357,0.0035289,-0.0047586,-0.0027038,0.0056889,-0.016822,0.93553,0,-2.3178e-19,0,0.020725
2.25,0,0,0,0,0,0,-0.057466,0.99414,0.0046168,2.413,21.049,-15.124,0.0011429,0.0023148,0.0037404,-0.00018872,0.0032445,-0.002944,0.93575,0,0,0,0.020725
2.26,0,-4.3368e-19,0,0,4.3368e-19,0,-0.057281,0.99414,0.0046168,2.4966,21.143,-15.124,0.0035712,-0.0001135,0.0061687,0.002273,0.0008493,0.0026075,0.93597,0,-2.3168e-19,0,0.020725
2.27,0,-3.2526e-19,0,0,4.3368e-19,0,-0.057281,0.99395,0.0051891,2.4966,21.143,-15.124,0.002357,0.0059572,-0.021757,0.0021867,0.0043548,-0.014954,0.93618,0,-1.7372e-19,0,0.020725
2.28,0,-4.3368e-19,0,0,4.3368e-19,0,-0.058203,0.99125,0.0059523,2.2459,20.955,-14.87,-0.0012854,0.0023148,-0.0047586,-0.00042591,0.002893,-0.0074367,0.9364,0,-2.3157e-19,0,0.020725
2.29,0,1.0842e-19,0,0,1.0842e-19,0,-0.057097,0.99376,0.0061431,2.2459,20.955,-14.87,0.0011429,0.0023148,0.0013121,0.00055227,0.0024683,-0.0010961,0.93661,0,5.7879e-20,0,0.020725
2.3,0,4.3368e-19,0,0,4.3368e-19,0,-0.055806,0.99376,0.0074786,2.413,20.577,-15.039,-0.006142,0.0011006,-0.0071869,-0.0040834,0.0016396,-0.0059479,0.93682,0,2.3146e-19,0,0.020725
2.31,0,-4.3368e-19,0,0,4.3368e-19,0,-0.055622,0.99279,0.0065246,2.413,20.577,-15.039,-0.0085703,-0.0013276,-0.015686,-0.0071533,-0.00035716,-0.01326,0.93703,0,-2.3141e-19,0,0.020725
2.32,0,4.3368e-19,0,0,-2.1684e-19,0,-0.054331,0.99395,0.0080509,2.3294,20.86,-15.209,-0.0012854,-0.0001135,-0.0059728,-0.0029623,-4.6485e-05,-0.0083705,0.93724,0,2.3136e-19,0,0.020725
2.33,0,3.2526e-19,0,0,-3.2526e-19,0,-0.054331,0.99414,0.0091956,2.3294,20.86,-15.209,-0.0012854,0.0011006,0.0025262,-0.0016923,0.00095592,-0.0010085,0.93744,0,1.7348e-19,0,0.020725
2.34,0,-3.2526e-19,0,0,-4.3368e-19,0,-0.055437,0.99318,0.0088141,2.5802,20.955,-15.039,-0.0073561,-0.0025418,0.0037404,-0.0055698,-0.0012319,0.0010447,0.93765,0,-1.7344e-19,0,0.020725
2.35,0,1.0842e-19,0,0,-4.3368e-19,0,-0.057097,0.99453,0.0057615,2.5802,20.955,-15.039,-0.0049278,-0.0013276,9.7953e-05,-0.0051739,-0.0012786,-0.00062745,0.93785,0,5.7802e-20,0,0.020725
2.36,0,-2.1684e-19,0,0,2.1684e-19,0,-0.057281,0.99568,0.0036628,2.413,20.955,-14.955,-0.0049278,-0.0037559,-0.010829,-0.0050586,-0.0031491,-0.0079089,0.93806,0,-1.1558e-19,0,0.020725
2.37,0,0,0,0,0,0,-0.059678,0.998,-0.00072524,2.413,20.955,-14.955,-0.0097844,-0.0073984,-0.020542,-0.0085189,-0.0065242,-0.016581,0.93826,0,0,0,0.020725
2.38,0,-1.0842e-19,0,0,-2.1684e-19,0,-0.056728,1.0065,0.0021366,2.413,20.955,-15.124,-0.0024995,0.0023148,-0.008401,-0.0042951,-0.00061292,-0.011082,0.93846,0,-5.7765e-20,0,0.020725
2.39,0,3.2526e-19,0,0,2.1684e-19,0,-0.05304,0.93669,0.0057615,2.413,20.955,-15.124,-0.0024995,-0.0013276,-0.0035445,-0.0030282,-0.0010574,-0.0060328,0.93866,0,1.7326e-19,0,0.020725
2.4,0,0,0,0,0,0,-0.049168,0.98797,0.0034721,2.2459,20.766,-14.87,0.002357,0.0023148,0.10087,0.0011627,0.001148,0.067577,0.93885,0,0,0,0.020725
2.41,0,2.1684e-19,0,0,-1.0842e-19,0,-0.059678,0.98913,-0.018468,2.2459,20.766,-14.87,-0.02314,0.0011006,0.0073828,-0.015881,-0.000539,0.026348,0.93905,0,1.1546e-19,0,0.020725
2.42,0,-2.1684e-19,0,0,-4.3368e-19,0,-0.057834,0.99241,0.0074786,2.413,20.955,-15.124,0.019355,-0.0025418,-0.10917,0.0084396,-0.0017066,-0.067526,0.93925,0,-1.1543e-19,0,0.020725
2.43,0,0,0,-1.5046e-36,4.3368e-19,-6.9389e-18,-0.058941,1.0038,0.012057,2.413,20.955,-15.124,0.0059994,0.0059572,0.023167,0.0065662,0.0040937,-0.0045567,0.93944,0,0,0,0.020725
2.44,0,0,0,0,0,0,-0.060785,0.99723,0.0011826,2.3294,20.766,-14.87,-0.006142,0.0059572,0.10573,-0.0025306,0.0050842,0.072018,0.93963,0,0,0,0.020725
2.45,0,-2.1684e-19,0,0,8.6736e-19,0,-0.050827,0.98932,0.010531,2.3294,20.766,-14.87,0.020569,0.012028,-0.038755,0.013803,0.010262,-0.0054897,0.93982,0,-1.1536e-19,0,0.020725
2.46,0,-1.0842e-19,0,0,-7.5894e-19,0,-0.055068,0.99356,0.010722,2.1623,20.955,-15.124,0.002357,-0.0001135,-0.013258,0.0058809,0.0033654,-0.010114,0.94001,0,-5.767e-20,0,0.020725
2.47,0,-1.0842e-19,0,0,-1.0842e-19,0,-0.05304,0.99723,0.0074786,2.1623,20.955,-15.124,-7.1263e-05,-0.0013276,0.020738,0.0019451,0.00021219,0.011729,0.9402,0,-5.7658e-20,0,0.020725
2.48,0,2.1684e-19,0,0,-6.5052e-19,0,-0.058941,0.99645,0.014728,2.6638,20.766,-15.124,-0.0073561,-0.0025418,0.036522,-0.0046655,-0.0010077,0.02749,0.94039,0,1.1529e-19,0,0.020725
2.49,0,2.1684e-19,0,0,0,0,-0.059494,0.99298,-0.012745,2.6638,20.766,-15.124,-0.041352,-0.030467,-0.16503,-0.030195,-0.022525,-0.10663,0.94058,0,1.1527e-19,0,0.020725
2.5,0,1.0842e-19,0,0,0,0,-0.069267,0.99453,-0.0016792,2.413,20.955,-15.124,-0.057136,-0.020754,-0.013258,-0.049443,-0.021657,-0.040445,0.94076,0,5.7624e-20,0,0.020725
2.51,0,-1.0842e-19,0,0,1.7347e-18,0,-0.057097,1.004,0.018163,2.413,20.955,-15.124,-0.05835,-0.012255,-0.076393,-0.055199,-0.014103,-0.065216,0.94094,0,-5.7612e-20,0,0.020725
2.52,0,-2.1684e-19,0,0,-9.7578e-19,0,-0.067423,0.98913,0.036287,2.413,20.766,-15.039,-0.018283,-0.0061842,0.0098111,-0.030011,-0.0064833,-0.012232,0.94113,0,-1.152e-19,0,0.020725
2.53,0,-2.1684e-19,0,0,-4.3368e-19,0,-0.049905,0.99183,0.012057,2.413,20.766,-15.039,-0.17248,-0.034109,-0.11889,-0.12757,-0.025072,-0.086632,0.94131,0,-1.1518e-19,0,0.020725
2.54,0,-1.0842e-19,0,0,0,0,-0.057834,0.98624,-0.0032055,2.4966,20.955,-15.124,0.0072136,-0.0025418,0.014668,-0.033612,-0.0099706,-0.016359,0.94149,0,-5.7579e-20,0,0.020725
2.55,0,2.1684e-19,0,0,8.6736e-19,0,-0.053593,0.99241,0.011104,2.4966,20.955,-15.124,-0.006142,-0.0037559,0.0049545,-0.014007,-0.0052112,-0.0022172,0.94167,0,1.1514e-19,0,0.020725
2.56,0,0,0,-3.7616e-37,-2.1684e-19,3.4694e-18,-0.050643,0.99665,0.0034721,2.2459,20.86,-15.548,0.020569,0.0047431,0.023167,0.010572,0.0015199,0.015636,0.94185,0,0,0,0.020725
2.57,0,-4.3368e-19,0,0,1.0842e-19,0,-0.036813,0.99337,0.0049983,2.2459,20.86,-15.548,0.021783,0.0047431,9.7953e-05,0.019744,0.0037325,0.0038734,0.94202,0,-2.3019e-19,0,0.020725
2.58,0,0,0,0,-3.4694e-18,0,-0.098402,0.9845,0.047162,2.2459,20.955,-15.209,0.030282,0.0047431,-0.0047586,0.024036,0.0067987,0.0027905,0.9422,0,0,0,0.020725
2.59,0,1.0842e-19,0,-4.8901e-36,2.8189e-18,-3.4694e-18,-0.086231,0.98894,-0.11863,2.2459,20.955,-15.209,-0.042566,0.0071713,-0.3775,-0.023667,-0.0016146,-0.25679,0.94237,0,5.7525e-20,0,0.020725
2.6,0,-1.0842e-19,0,0,-4.3368e-19,0,-0.065026,0.99588,0.0443,2.5802,20.955,-15.209,0.020569,-0.014683,-0.08125,0.0067879,-0.0077705,-0.13421,0.94254,0,-5.7515e-20,0,0.020725
2.61,0,1.0842e-19,0,0,-4.3368e-19,0,-0.045295,1.0165,0.045636,2.5802,20.955,-15.209,-0.14091,-0.014683,0.22229,-0.094031,-0.0096278,0.11057,0.94271,0,5.7504e-20,0,0.020725
2.62,0,0,0,0,2.1684e-19,0,-0.074246,1.0221,-0.011028,2.9145,20.86,-15.294,-0.10934,-0.02561,-0.15288,-0.10472,-0.02162,-0.072707,0.94288,0,0,0,0.020725
2.63,0,2.1684e-19,0,0,-3.2526e-18,0,-0.075905,0.99009,-0.035639,2.9145,20.86,-15.294,-0.025568,-0.015897,-0.10068,-0.050291,-0.020188,-0.091746,0.94305,0,1.1497e-19,0,0.020725
2.64,0,2.1684e-19,0,0,8.6736e-19,0,-0.073508,0.98546,0.01759,2.6638,20.955,-14.955,-0.17976,-0.059606,-0.16017,-0.14003,-0.046269,-0.13785,0.94323,0,1.1495e-19,0,0.020725
2.65,0,-4.3368e-19,0,0,-1.0842e-18,0,-0.048983,0.99511,0.050406,2.6638,20.955,-14.955,-0.087489,-0.063249,0.076589,-0.10167,-0.054377,0.0090204,0.94339,0,-2.2985e-19,0,0.020725
2.66,0,2.1684e-19,0,0,2.1684e-18,0,-0.04843,0.99511,0.042202,2.5802,20.766,-15.039,-0.032853,-0.014683,-0.11525,-0.052295,-0.023996,-0.078376,0.94356,0,1.1491e-19,0,0.020725
2.67,0,-4.3368e-19,0,0,4.3368e-19,0,-0.077565,1.0184,-0.0058765,2.5802,20.766,-15.039,0.032711,0.012028,-0.13467,0.0060613,0.00017697,-0.11539,0.94373,0,-2.2977e-19,0,0.020725
2.68,0,-4.3368e-19,0,0,2.7105e-20,0,-0.075352,1.0003,0.013011,2.3294,20.955,-15.294,-0.070492,-0.021968,-0.19781,-0.047427,-0.014759,-0.16906,0.94389,0,-2.2973e-19,0,0.020725
2.69,0,0,0,0,7.5894e-19,0,-0.064104,1.0086,-0.0087383,2.3294,20.955,-15.294,-0.10692,-0.032895,-0.25973,-0.087933,-0.028195,-0.22914,0.94406,0,0,0,0.020725
2.7,0,8.6736e-19,0,0,2.2118e-17,0,-0.13399,0.99665,-0.32583,2.3294,21.049,-15.294,-0.12756,-0.058392,-0.49284,-0.1115,-0.027236,-0.41479,0.93843,0,4.6214e-19,0,0.020725
2.71,0,2.1684e-18,0,0,1.5613e-17,0,-0.15225,1.0217,-0.41225,2.3294,21.049,-15.294,-0.2599,-0.15552,-0.16867,-0.20952,-0.089229,-0.24766,0.93292,0,1.1622e-18,0,0.020725
2.72,0,1.5179e-18,0,0,-5.0741e-17,0,-0.13436,0.8827,-0.51566,2.3294,20.955,-15.463,-0.16155,-0.1361,0.26114,-0.17186,-0.084659,0.10056,0.92765,0,8.1813e-19,0,0.020725
2.73,0,1.5179e-18,0,0,-8.1315e-19,0,-0.060969,1.0398,-0.57976,2.3294,20.955,-15.463,-0.024354,-0.048679,0.71887,-0.067562,-0.09601,0.52846,0.92751,0,8.1826e-19,0,0.020725
2.74,0,0,0,0,3.914e-17,0,-0.058203,0.88155,-0.51299,2.413,20.483,-15.802,-0.03771,-0.20652,1.0552,-0.04556,-0.20777,0.88992,0.92754,0,0,0,0.020725
2.75,0,8.6736e-19,0,0,-1.7347e-18,0,0.051328,0.98296,0.25169,1.0757,20.106,-17.667,-0.077776,-0.46149,2.1783,-0.059276,-0.36551,1.7684,0.92775,0,4.6745e-19,0,0.020725
2.76,0,-8.6736e-19,0,0,1.3227e-17,0,0.028094,1.0076,0.22135,1.0757,20.106,-17.667,0.12013,-0.057178,1.8165,0.070877,-0.13695,1.7873,0.92799,0,-4.6733e-19,0,0.020725
2.77,0,-1.2468e-18,0,0,-2.7539e-17,0,0.037683,0.94748,0.26962,0.49064,19.917,-18.006,-0.080205,-0.16402,1.3964,-0.027545,-0.13806,1.5032,0.92826,0,-6.716e-19,0,0.020725
2.78,0,-4.9467e-19,0,0,-1.0408e-17,0,-0.046402,0.99511,0.19483,0.49064,19.917,-18.006,0.11891,0.23422,0.9872,0.074179,0.10942,1.1305,0.92267,0,-2.6806e-19,0,0.020725
2.79,0,9.2157e-19,0,0,2.3852e-18,0,-0.031835,0.95789,0.067385,0.32347,19.634,-18.43,-0.0073561,-0.1361,0.79779,0.016651,-0.063213,0.88867,0.91715,0,5.0241e-19,0,0.020725
2.8,0,-2.7105e-19,0,0,0,0,-0.31433,1.0763,0.22249,0.32347,19.634,-18.43,0.0035712,0.052095,0.94227,0.02508,0.010362,0.89349,0.91188,0,-1.4862e-19,0,0.020725
2.81,-5.8636e-38,7.4878e-19,-1.3031e-19,0,-3.7947e-19,0,0.046718,0.88733,-0.017514,-0.34518,19.823,-18.939,-4.9016,-0.041394,-1.8041,-3.3703,-0.027601,-0.9741,0.91215,0,4.1045e-19,-5.9431e-20,0.020725
2.82,0,-2.7105e-19,0,0,-1.7347e-18,0,0.050959,0.26342,0.0053799,-0.34518,19.823,-18.939,-2.534,0.16258,0.53918,-2.7548,0.10369,0.068417,0.91247,0,-1.4853e-19,0,0.020725
2.83,0,1.6263e-19,0,0,4.9873e-18,0,0.12804,0.94421,-0.065211,-1.2646,19.634,-19.363,-1.621,-0.037752,0.58653,-1.9407,0.00015518,0.42529,0.91277,0,8.9086e-20,0,0.020725
2.84,0,1.0842e-19,0,0,3.4694e-18,0,-0.21678,1.3776,0.2162,-1.2646,19.634,-19.363,3.7225,0.54868,1.5724,1.9885,0.37209,1.1933,0.90746,0,5.9738e-20,0,0.020725
2.85,0,1.0842e-19,0,0,6.9389e-18,0,-0.11721,1.047,0.33907,-0.59593,19.823,-19.532,1.2335,1.1885,0.88278,1.4596,0.91597,0.95181,0.90224,0,6.0084e-20,0,0.020725
2.86,0,1.0842e-19,0,0,-3.4694e-18,0,-0.027778,0.86304,0.28889,-0.59593,19.823,-19.532,-0.18826,1.2602,0.25628,0.31219,1.128,0.4542,0.89696,0,6.0438e-20,0,0.020725
2.87,0,-5.421e-20,0,0,1.7347e-18,0,-0.07738,0.95847,0.12634,-0.93026,20.106,-18.769,0.17355,0.073949,-0.075179,0.21678,0.38567,0.071342,0.89171,0,-3.0397e-20,0,0.020725
2.88,0,5.421e-20,0,0,-1.7347e-18,0,-0.055253,0.99318,0.079405,-0.93026,20.106,-18.769,-0.082633,-0.62782,-0.022971,0.0091705,-0.32111,-0.006022,0.88643,0,3.0578e-20,0,0.020725
2.89,0,-1.0842e-19,0,0,2.6021e-18,0,-0.063182,1.0593,-0.044988,-0.84667,20.389,-19.193,-0.048637,-0.7541,-0.20995,-0.030727,-0.61504,-0.15725,0.88112,0,-6.1524e-20,0,0.020725
2.9,0,-4.3368e-19,0,0,3.4694e-18,0,-0.069636,1.0038,0.036669,-0.84667,20.389,-19.193,-0.076562,-0.25266,-0.020542,-0.061215,-0.36277,-0.074023,0.8759,0,-2.4756e-19,0,0.020725
2.91,0,-2.1684e-19,0,0,2.6021e-18,0,-0.074799,0.97756,0.053267,-0.93026,20.2,-19.448,0.015713,-0.012255,0.0061687,-0.006392,-0.12139,-0.031402,0.87073,0,-1.2452e-19,0,0.020725
2.92,0,6.5052e-19,0,0,0,0,-0.079593,0.99973,0.030945,-0.93026,20.2,-19.448,0.063064,-0.23687,-0.056967,0.042788,-0.20193,-0.062219,0.86558,0,3.7577e-19,0,0.020725
2.93,0,0,0,0,8.6736e-19,0,-0.087338,1.0186,-0.019804,-0.42876,20.2,-19.448,0.083705,-0.42385,-0.10796,0.0719,-0.35255,-0.10527,0.86043,0,0,0,0.020725
2.94,0,2.1684e-19,0,0,0,0,-0.10264,0.99877,-0.03106,-0.42876,20.2,-19.448,-0.064421,-0.036538,-0.084892,-0.020673,-0.12998,-0.10351,0.85532,0,1.2676e-19,0,0.020725
2.95,0,2.1684e-19,0,0,0,0,-0.080146,0.97544,0.01988,-0.76309,19.917,-19.532,0.036353,0.267,0.031666,0.019894,0.14389,-0.023067,0.85026,0,1.2751e-19,0,0.020725
2.96,0,6.5052e-19,0,0,3.4694e-18,0,-0.053778,0.93514,0.050215,-0.76309,19.917,-19.532,0.025426,-0.038966,0.087516,0.023338,0.013538,0.040783,0.84521,0,3.8483e-19,0,0.020725
2.97,0,6.5052e-19,0,0,0,0,-0.062813,1.0429,0.0032813,-0.76309,20.2,-19.787,0.1092,-0.5659,0.024381,0.082013,-0.38675,0.016697,0.84017,0,3.8714e-19,0,0.020725
2.98,0,4.3368e-19,0,0,-4.3368e-19,0,-0.043452,1.0819,-0.014843,-0.76309,20.2,-19.787,-0.18826,-0.62175,0.06809,-0.10691,-0.54592,0.040721,0.83513,0,2.5965e-19,0,0.020725
2.99,0,-8.6736e-19,0,0,-1.7347e-18,0,-0.074061,0.96888,0.055366,-0.67951,19.823,-19.956,-0.16277,-0.070534,0.34127,-0.14416,-0.21752,0.23398,0.83018,0,-5.224e-19,0,0.020725
3,0,-1.0842e-18,0,0,8.6736e-19,0,-0.060047,1.0225,0.088944,-0.67951,19.823,-19.956,0.22819,-0.048679,0.20407,0.11343,-0.10498,0.19852,0.82524,0,-6.569e-19,0,0.020725
3.01,0,0,0,0,-8.6736e-19,0,-0.080515,1.0005,0.063761,-0.67951,19.728,-19.532,0.13956,0.026598,-0.15531,0.13136,-0.017545,-0.061714,0.82034,0,0,0,0.020725
3.02,0,0,0,0,0,0,-0.12606,0.98277,-0.007212,-0.67951,19.728,-19.532,-0.042566,0.0083855,-0.18567,0.013212,0.0007938,-0.16356,0.8155,0,0,0,0.020725
3.03,0,8.6736e-19,0,0,0,0,-0.095267,0.98662,-0.0085475,-0.76309,20.2,-19.617,0.044852,-0.018326,-0.14803,0.036041,-0.012468,-0.16735,0.81065,0,5.3498e-19,0,0.020725
3.04,0,1.301e-18,0,0,0,0,-0.079962,1.0047,0.0086233,-0.76309,20.2,-19.617,-0.017069,-0.032895,-0.12982,-0.00052577,-0.027683,-0.15555,0.80583,0,8.0727e-19,0,0.020725
3.05,0,8.6736e-19,0,0,0,0,-0.075168,0.99009,0.0082417,-0.51235,19.823,-19.702,-0.0073561,-0.0061842,-0.1711,-0.0050737,-0.013915,-0.1798,0.80101,0,5.4142e-19,0,0.020725
3.06,0,8.6736e-19,0,0,-2.3852e-18,0,0.042661,1.0244,0.035715,-0.51235,19.823,-19.702,0.022997,-0.047465,-0.1626,0.020697,-0.033347,-0.15891,0.80144,0,5.4113e-19,0,0.020725
3.07,0,0,0,0,-2.2226e-18,0,-0.0010404,0.94382,0.0588,-0.59593,19.728,-19.363,-0.23683,-0.037752,-0.21359,-0.1608,-0.041075,-0.20673,0.79659,0,0,0,0.020725
3.08,0,-1.7347e-18,0,0,1.7347e-18,0,-0.093607,1.0524,-0.017133,-0.59593,19.728,-19.363,0.16627,-0.052322,-0.61426,0.066863,-0.048259,-0.50245,0.79185,0,-1.0954e-18,0,0.020725
3.09,0,1.7347e-18,0,0,-8.6736e-19,0,-0.064288,0.97235,0.069675,-0.42876,19.823,-19.702,-0.066849,-0.045037,-0.34229,-0.02575,-0.050576,-0.40367,0.78713,0,1.1019e-18,0,0.020725
3.1,0,-1.301e-18,0,0,2.6021e-18,0,-0.066132,1.0032,0.048307,-0.42876,19.823,-19.702,0.12499,-0.012255,-0.45642,0.078399,-0.027456,-0.45274,0.78243,0,-8.3141e-19,0,0.020725
3.11,0,-4.3368e-19,0,0,0,0,-0.14044,0.98489,-0.0085475,-0.17802,19.54,-19.448,0.0059994,0.06545,-0.58269,0.031461,0.037076,-0.55818,0.77782,0,-2.7878e-19,0,0.020725
3.12,0,-8.6736e-19,0,0,0,0,-0.12864,0.97833,-0.0077843,-0.17802,19.54,-19.448,0.04728,0.0035289,-0.57662,0.045221,0.013656,-0.58601,0.77323,0,-5.6087e-19,0,0.020725
3.13,0,1.7347e-18,0,0,-1.7347e-18,0,-0.11684,0.99318,-0.060823,0.15631,19.823,-18.769,0.0072136,-0.017111,-0.52805,0.020719,-0.0050745,-0.55971,0.76863,0,1.1284e-18,0,0.020725
3.14,0,-1.301e-18,0,0,1.7347e-18,0,-0.096189,0.98643,-0.059297,0.15631,19.823,-18.769,-0.042566,-0.091174,-0.46249,-0.021981,-0.062084,-0.50614,0.76404,0,-8.5142e-19,0,0.020725
3.15,0,-4.3368e-19,0,0,0,0,-0.072402,1.0036,-0.019232,0.49064,20.106,-18.515,0.038781,0.19415,-0.42242,0.020351,0.11524,-0.46102,0.75944,0,-2.8553e-19,0,0.020725
3.16,0,-8.6736e-19,0,0,-1.7347e-18,0,-0.086416,0.96618,-0.060251,0.49064,20.106,-18.515,-0.088704,-0.33279,-0.386,-0.054294,-0.19221,-0.42337,0.75489,0,-5.745e-19,0,0.020725
3.17,0,-1.7347e-18,0,0,6.0715e-18,0,-0.10375,1.0061,-0.071889,0.40705,19.823,-18.854,-0.017069,-0.035324,-0.33015,-0.026887,-0.079314,-0.3746,0.75038,0,-1.1559e-18,0,0.020725
3.18,0,8.6736e-19,0,0,-4.3368e-19,0,-0.074614,0.97698,-0.019041,0.40705,19.823,-18.854,-0.048637,0.10673,-0.20631,-0.041279,0.05007,-0.27386,0.74587,0,5.8144e-19,0,0.020725
3.19,0,0,0,0,-1.7347e-18,0,-0.13897,0.98681,-0.19304,0.57422,20.106,-18.6,0.053351,0.0023148,-0.39693,0.02627,0.026984,-0.37663,0.74146,0,0,0,0.020725
3.2,0,0,0,0,0,0,-0.12551,0.998,-0.13218,0.57422,20.106,-18.6,0.10192,0.0035289,-0.22937,0.080204,0.017774,-0.29257,0.73707,0,0,0,0.020725
3.21,0,0,0,0,-8.6736e-19,0,-0.079778,0.99819,-0.026481,0.32347,20.106,-18.515,-7.1263e-05,0.061808,0.030452,0.024994,0.049675,-0.087524,0.73266,0,0,0,0.020725
3.22,0,8.6736e-19,0,0,0,0,-0.075721,0.99048,-0.0056857,0.32347,20.106,-18.515,-0.0073561,-0.01954,-0.010829,0.0033041,0.0022749,-0.054291,0.72828,0,5.9549e-19,0,0.020725
3.23,0,-8.6736e-19,0,0,8.6736e-19,0,-0.074983,0.99356,-0.010265,0.90855,20.106,-18.685,-0.025568,-0.021968,0.025595,-0.015906,-0.013617,-0.0178,0.72387,0,-5.9912e-19,0,0.020725
3.24,0,0,0,0,4.3368e-19,0,-0.076458,0.99626,-0.010265,0.90855,20.106,-18.685,-0.0024995,0.0083855,-0.021757,-0.0057546,0.0025199,-0.039845,0.71948,0,0,0,0.020725
3.25,0,0,0,0,8.6736e-19,0,-0.080146,0.99183,-0.015416,0.82496,20.106,-18.6,-0.026782,0.0035289,-0.020542,-0.019318,0.0043619,-0.046417,0.71513,0,0,0,0.020725
3.26,0,8.6736e-19,0,0,-8.6736e-19,0,-0.081622,0.99723,-0.017133,0.82496,20.106,-18.6,-0.035281,0.0035289,-0.019328,-0.029281,0.0049942,-0.047935,0.71081,0,6.1013e-19,0,0.020725
3.27,0,0,0,0,0,0,-0.081253,0.98894,-0.018087,0.6578,20.294,-18.685,-0.049851,0.0059572,-0.021757,-0.042383,0.0069441,-0.050878,0.70652,0,0,0,0.020725
3.28,0,0,0,0,8.6736e-19,0,-0.086785,0.98508,-0.020185,0.6578,20.294,-18.685,-0.053494,-0.0001135,-0.029041,-0.048627,0.0035361,-0.057443,0.70227,0,0,0,0.020725
3.29,0,8.6736e-19,0,0,0,0,-0.081806,0.99414,-0.015607,0.6578,20.106,-18.346,0.013284,0.0095996,-0.0059728,-0.0046519,0.0089051,-0.043628,0.69803,0,6.213e-19,0,0.020725
3.3,0,8.6736e-19,0,0,-8.6736e-19,0,-0.082359,0.99125,-0.017133,0.6578,20.106,-18.346,0.0035712,-0.0001135,0.0085969,0.0019884,0.0039265,-0.029796,0.69381,0,6.2507e-19,0,0.020725
3.31,0,-8.6736e-19,0,0,4.3368e-19,0,-0.080515,0.98951,-0.011982,0.6578,20.011,-18.769,-0.015855,-0.0086125,0.047449,-0.0094336,-0.0037211,0.00096894,0.68961,0,-6.2887e-19,0,0.020725
3.32,0,0,0,0,-8.6736e-19,0,-0.079962,0.99221,-0.013508,0.6578,20.011,-18.769,-0.015855,-0.0061842,0.026809,-0.01295,-0.0043029,-0.0042839,0.68544,0,0,0,0.020725
3.33,0,0,0,0,8.6736e-19,0,-0.08199,0.99491,-0.022475,0.49064,20.106,-18.769,-0.0024995,0.0011006,-0.0011162,-0.0048282,0.0010271,-0.025995,0.6813,0,0,0,0.020725
3.34,0,0,0,0,-8.6736e-19,0,-0.085863,0.98701,-0.019613,0.49064,20.106,-18.769,-0.006142,-0.0049701,-0.0059728,-0.0046414,-0.0015957,-0.036558,0.6772,0,0,0,0.020725
3.35,0,0,0,0,-8.6736e-19,0,-0.095082,0.99202,-0.024955,0.74138,20.2,-18.346,0.0047853,0.0047431,-0.013258,0.0033158,0.0046774,-0.045069,0.67312,0,0,0,0.020724
3.36,0,-8.6736e-19,0,0,8.6736e-19,0,-0.093792,0.99163,-0.024001,0.74138,20.2,-18.346,0.015713,0.010814,-0.022971,0.013249,0.010734,-0.054727,0.66906,0,-6.482e-19,0,0.020724
3.37,0,0,0,0,2.1684e-19,0,-0.04548,0.93476,-0.0026331,0.40705,19.917,-18.43,0.0047853,0.0083855,0.0037404,0.0069245,0.0092971,-0.038285,0.66495,0,0,0,0.020724
3.38,0,8.6736e-19,0,0,-3.4694e-18,0,-0.13491,1.0425,-0.040027,0.40705,19.917,-18.43,0.48559,0.1128,-0.043611,0.34007,0.083869,-0.069928,0.66104,0,6.5605e-19,0,0.020724
3.39,0,8.6736e-19,0,0,0,0,-0.036998,0.93206,3.7903e-05,0.74138,20.106,-18.685,-0.29268,-0.13003,0.19072,-0.099599,-0.064343,0.086547,0.65693,0,6.6017e-19,0,0.020724
3.4,0,0,0,0,4.3368e-19,0,-0.070189,1.0159,0.0099588,0.74138,20.106,-18.685,0.065492,0.020527,-0.11525,0.015862,-0.0053511,-0.079134,0.6529,0,0,0,0.020724
3.41,0,8.6736e-19,0,0,6.5052e-19,0,-0.044927,0.98238,0.020643,0.82496,19.917,-18.515,0.037567,-0.0049701,0.11301,0.030673,-0.0059774,0.029194,0.64883,0,6.6841e-19,0,0.020724
3.42,0,-8.6736e-19,0,0,-2.6021e-18,0,-0.071111,1.0011,-0.061777,0.82496,19.917,-18.515,-0.048637,0.036311,-0.12739,-0.024317,0.026331,-0.10519,0.64483,0,-6.7256e-19,0,0.020724
3.43,0,-8.6736e-19,0,0,0,0,-0.076643,0.99645,0.048307,0.57422,20.2,-18.6,0.087347,0.20872,-0.17838,0.054566,0.15048,-0.18297,0.64091,0,-6.7666e-19,0,0.020724
3.44,0,8.6736e-19,0,0,-8.6736e-19,0,-0.10891,0.98701,-0.088105,0.57422,20.2,-18.6,-0.060778,-0.14217,-0.0047586,-0.024288,-0.047628,-0.087744,0.63708,0,6.8074e-19,0,0.020724
3.45,0,-8.6736e-19,0,0,0,0,-0.074246,0.97814,0.0080509,0.6578,20.2,-18.6,0.053351,0.12616,-0.022971,0.030609,0.072866,-0.070883,0.63319,0,-6.8491e-19,0,0.020724
3.46,0,0,0,0,1.6263e-19,0,0.031229,0.98296,0.0078601,0.6578,20.2,-18.6,-0.020712,-0.10817,9.7953e-05,-0.0015378,-0.051285,0.0020873,0.63335,0,0,0,0.020724
3.47,0,0,0,0,-1.7347e-18,0,-0.10393,1.1744,0.025412,0.57422,19.917,-18.006,-0.094774,-0.0001135,0.10573,-0.06387,-0.015708,0.044094,0.6295,0,0,0,0.020724
3.48,0,8.6736e-19,0,0,-1.301e-18,0,-0.0038064,0.75584,0.03209,0.57422,19.917,-18.006,0.018141,-0.088746,0.070518,-0.0056445,-0.063671,0.087085,0.62967,0,6.8874e-19,0,0.020724
3.49,0,0,0,0,-3.4694e-18,0,-0.13307,1.0499,-0.1068,0.23989,19.823,-18.6,0.25247,0.18565,-0.080035,0.17458,0.11465,-0.059186,0.62589,0,0,0,0.020724
3.5,0,4.3368e-19,0,0,-4.3368e-19,0,-0.054515,1.0157,-0.014653,0.23989,19.823,-18.6,0.12256,-0.0037559,-0.082464,0.13794,0.033252,-0.10276,0.62202,0,3.4861e-19,0,0.020724
3.51,0,-4.3368e-19,0,0,0,0,-0.1303,0.98913,-0.012554,0.49064,20.106,-18.346,-0.37888,-0.16038,0.33034,-0.2161,-0.09823,0.16571,0.61834,0,-3.5068e-19,0,0.020724
3.52,0,0,0,0,0,0,-0.084203,0.96753,-0.0056857,0.49064,20.106,-18.346,0.15412,0.16987,-0.24516,0.042919,0.088858,-0.14892,0.6146,0,0,0,0.020724
3.53,0,-4.3368e-19,0,0,-1.7347e-18,0,-0.1032,1.0524,-0.052238,0.49064,19.823,-18.346,0.031496,-0.035324,-0.1286,0.036615,0.0059405,-0.16461,0.6109,0,-3.5495e-19,0,0.020724
3.54,0,0,0,0,1.5179e-18,0,-0.045664,0.95153,-0.024574,0.49064,19.823,-18.346,-0.02314,-0.018326,-0.019328,-0.0046085,-0.0092143,-0.092605,0.60712,0,0,0,0.020724
3.55,0,0,0,0,2.6021e-18,0,-0.092685,1.0329,-0.06502,0.40705,19.823,-18.515,-0.035281,-0.01954,-0.088534,-0.024419,-0.012388,-0.12084,0.60349,0,0,0,0.020724
3.56,0,-4.3368e-19,0,0,0,0,-0.078302,1.013,-0.0016792,0.40705,19.823,-18.515,-0.0073561,0.018099,-0.076393,-0.010682,0.010041,-0.12143,0.59986,0,-3.6148e-19,0,0.020724
3.57,0,4.3368e-19,0,0,4.3368e-19,0,-0.069636,0.95828,-0.017705,0.49064,19.917,-18.346,0.020569,0.0047431,-0.012043,0.012321,0.0082471,-0.077385,0.59625,0,3.6368e-19,0,0.020724
3.58,0,-4.3368e-19,0,0,4.3368e-19,0,-0.066132,0.99279,-0.0054949,0.49064,19.917,-18.346,-0.032853,-0.020754,0.059591,-0.017615,-0.010498,-0.014975,0.59265,0,-3.6588e-19,0,0.020724
3.59,0,4.3368e-19,0,0,-4.3368e-19,0,-0.077012,0.99742,0.0021366,0.57422,20.106,-18.346,0.0059994,-0.0086125,-0.019328,0.0006651,-0.0079047,-0.051445,0.5891,0,3.6809e-19,0,0.020724
3.6,0,-4.3368e-19,0,0,4.3368e-19,0,-0.067607,0.98585,-0.0083567,0.57422,20.106,-18.346,-0.042566,-0.036538,0.019524,-0.027827,-0.026158,-0.035853,0.58556,0,-3.7031e-19,0,0.020724
3.61,0,-4.3368e-19,0,0,0,0,-0.073692,1.0071,-0.0033963,0.57422,20.2,-18.685,-0.0049278,0.035097,-0.059395,-0.010222,0.017648,-0.086377,0.58206,0,-3.7254e-19,0,0.020724
3.62,0,-4.3368e-19,0,0,0,0,-0.067239,0.98392,-0.0024423,0.57422,20.2,-18.685,-0.027997,0.026598,-0.013258,-0.02098,0.024938,-0.070228,0.57857,0,-3.7479e-19,0,0.020724
3.63,0,-4.3368e-19,0,0,0,0,-0.082728,0.97872,-0.0116,0.49064,20.2,-18.769,0.039995,0.048452,-0.076393,0.023129,0.042916,-0.11026,0.57518,0,-3.7699e-19,0,0.020724
3.64,0,0,0,0,8.6736e-19,0,-0.093976,1.0028,-0.042889,0.49064,20.2,-18.769,-0.0012854,0.021741,-0.20509,0.0077916,0.031269,-0.21205,0.57185,0,0,0,0.020724
3.65,0,0,0,0,0,0,-0.09582,0.99183,-0.024574,0.6578,19.917,-18.261,0.080062,0.066664,-0.21359,0.05979,0.058201,-0.24933,0.56855,0,0,0,0.020724
3.66,0,0,0,0,8.6736e-19,0,-0.07443,0.98778,-0.013317,0.6578,19.917,-18.261,0.019355,0.033882,-0.098248,0.033159,0.042967,-0.18092,0.56521,0,0,0,0.020724
3.67,0,0,0,0,8.6736e-19,0,-0.099692,1.0163,-0.0083567,0.90855,20.011,-18.091,0.052137,0.078806,-0.18081,0.048672,0.069673,-0.21826,0.56195,0,0,0,0.020724
3.68,0,0,0,0,-4.3368e-19,0,-0.075536,0.98315,-0.027626,0.90855,20.011,-18.091,-0.27811,-0.17009,0.047449,-0.1757,-0.093782,-0.071774,0.55865,0,0,0,0.020724
3.69,0,0,0,0,4.3368e-19,0,-0.076643,0.98874,-0.026863,0.49064,19.917,-18.091,-0.0073561,0.03024,-0.021757,-0.056747,-0.0049834,-0.076569,0.55545,0,0,0,0.020724
3.7,0,0,0,0,0,0,-0.07609,0.98816,-0.003587,0.49064,19.917,-18.091,0.027854,0.027812,0.036522,0.0040647,0.019505,-0.038472,0.5523,0,0,0,0.020724
3.71,0,0,0,0,0,0,-0.080331,0.98354,-0.0093106,0.40705,19.823,-18.346,0.067921,0.048452,-0.035112,0.050205,0.041532,-0.077258,0.54921,0,0,0,0.020724
3.72,0,0,0,0,-4.3368e-19,0,-0.073692,0.98932,-0.004541,0.40705,19.823,-18.346,0.039995,-0.0073984,0.047449,0.044805,0.0093564,-0.032413,0.54612,0,0,0,0.020724
3.73,0,0,0,0,-4.3368e-19,0,-0.070927,0.99318,0.0059523,0.49064,20.011,-18.261,-0.0037137,0.0059572,-0.0071869,0.013145,0.0084121,-0.05698,0.54305,0,0,0,0.020724
3.74,0,0,0,0,-1.301e-18,0,-0.067607,0.99376,0.018544,0.49064,20.011,-18.261,-0.059564,-0.081461,0.16279,-0.034835,-0.052729,0.052395,0.54,0,0,0,0.020724
3.75,0,0,0,0,1.301e-18,0,-0.070927,0.99935,-0.01885,0.57422,20.106,-18.261,0.088561,0.070307,-0.18688,0.052214,0.03478,-0.15634,0.53697,0,0,0,0.020724
3.76,0,0,0,0,0,0,-0.06521,0.99009,-0.0028239,0.57422,20.106,-18.261,-0.0049278,-0.020754,0.046235,0.014254,-0.0021796,-0.059174,0.53396,0,0,0,0.020724
3.77,0,0,0,0,0,0,-0.067792,0.99376,-0.0074028,0.32347,20.011,-18.261,-0.013427,-0.017111,0.020738,-0.003146,-0.010649,-0.048418,0.53105,0,0,0,0.020724
3.78,0,0,0,0,-2.6021e-18,0,-0.093054,0.99549,-0.032014,0.32347,20.011,-18.261,0.002357,-0.037752,0.045021,0.0026853,-0.026105,-0.029717,0.52828,0,0,0,0.020724
3.79,0,-8.1315e-20,0,0,1.7347e-18,0,-0.10541,0.99067,-0.030106,0.40705,20.011,-18.346,0.04728,0.012028,0.031666,0.035914,0.0038675,-0.034158,0.5256,0,-7.7355e-20,0,0.020724
3.8,0,-1.0842e-19,0,0,-8.6736e-19,0,-0.09121,0.98662,-0.02362,0.40705,20.011,-18.346,0.029068,0.01567,-0.015686,0.03322,0.015002,-0.068477,0.5229,0,-1.0367e-19,0,0.020724
3.81,0,2.1684e-19,0,0,8.6736e-19,0,-0.079409,0.99626,-0.018659,0.49064,20.011,-18.43,-0.006142,-0.0049701,0.03288,0.0079154,0.0037155,-0.045517,0.52016,0,2.0844e-19,0,0.020724
3.82,0,2.1684e-19,0,0,0,0,-0.067976,0.99568,0.001755,0.49064,20.011,-18.43,-0.029211,-0.013469,0.049878,-0.015484,-0.0064072,-0.027181,0.51742,0,2.0954e-19,0,0.020724
3.83,0,0,0,0,1.6263e-19,0,-0.020771,0.95076,0.0032813,0.49064,19.823,-18.43,-0.018283,0.032668,-0.10796,-0.0163,0.02124,-0.1298,0.51448,0,0,0,0.020724
3.84,0,2.1684e-19,0,0,8.6736e-19,0,-0.067054,0.99896,-0.019995,0.49064,19.823,-18.43,0.32289,0.1213,-0.15046,0.21973,0.092589,-0.19218,0.51181,0,2.1184e-19,0,0.020723
3.85,0,2.1684e-19,0,0,1.0046e-18,0,-0.00030285,0.95423,0.080359,0.49064,20.011,-18.176,-0.080205,-0.051107,0.249,0.0089508,-0.0050277,0.16087,0.50919,0,2.1292e-19,0,0.020723
3.86,0,2.1684e-19,0,0,0,0,-0.038842,0.99221,-0.0049225,0.49064,20.011,-18.176,-0.34853,-0.085103,-0.048468,-0.23653,-0.058918,-0.032807,0.50629,0,2.1415e-19,0,0.020723
3.87,0,4.3368e-19,0,0,-6.0715e-18,0,-0.11481,1.014,-0.068264,0.6578,19.728,-18.43,0.30104,0.12616,-0.36536,0.138,0.074147,-0.31167,0.50373,0,4.3047e-19,0,0.020723
3.88,0,0,0,0,-4.3368e-19,0,-0.075905,0.98624,-0.010074,0.6578,19.728,-18.43,-0.085061,-0.062035,0.18586,-0.01455,-0.017762,-0.015312,0.50111,0,0,0,0.020723
3.89,0,0,0,0,0,0,-0.058388,0.98951,3.7903e-05,0.32347,19.823,-18.006,0.032711,0.0095996,0.051092,0.020326,0.0031728,-0.019189,0.49855,0,0,0,0.020723
3.9,0,-4.3368e-19,0,0,8.6736e-19,0,-0.064104,0.99703,-0.012554,0.32347,19.823,-18.006,-0.013427,-0.04018,0.17979,-0.0011111,-0.024363,0.067712,0.49609,0,-4.371e-19,0,0.020723
3.91,0,0,0,0,-1.7347e-18,0,-0.07609,0.98566,-0.017705,0.40705,19.917,-18.346,0.053351,0.04481,-0.084892,0.038698,0.026447,-0.089553,0.49373,0,0,0,0.020723
3.92,0,0,0,0,-1.7347e-18,0,-0.079962,0.99376,-0.019422,0.40705,19.917,-18.346,0.0035712,0.019313,-0.021757,0.016455,0.0244,-0.094404,0.49146,0,0,0,0.020723
3.93,0,0,0,0,4.3368e-19,0,-0.068714,0.98412,0.0051891,0.40705,20.106,-18.685,-0.021926,-0.015897,0.035308,-0.0074654,-0.0013821,-0.056944,0.48922,0,0,0,0.020723
3.94,0,0,0,0,-3.4694e-18,0,-0.069267,0.98469,-0.036784,0.40705,20.106,-18.685,0.16627,0.11159,-0.28765,0.11416,0.07987,-0.2692,0.48704,0,0,0,0.020723
3.95,0,0,0,0,8.6736e-19,0,-0.08199,1.0065,-0.012554,0.49064,19.917,-18.261,0.21847,0.066664,-0.10917,0.18803,0.073254,-0.21123,0.485,0,0,0,0.020723
3.96,0,-8.6736e-19,0,0,0,0,-0.090841,0.99607,-0.021903,0.49064,19.917,-18.261,0.083705,0.032668,-0.093391,0.11739,0.04828,-0.18364,0.48309,0,-8.9773e-19,0,0.020723
3.97,0,0,0,0,0,0,-0.070558,0.99626,-0.012172,0.57422,19.917,-18.176,0.064278,0.0095996,0.15187,0.082491,0.024023,-0.0061029,0.48113,0,0,0,0.020723
3.98,0,0,0,0,0,0,-0.073139,0.99433,-0.00034367,0.57422,19.917,-18.176,0.089775,-0.0013276,0.070518,0.089966,0.0089554,-0.0091719,0.47926,0,0,0,0.020723
3.99,0,0,0,0,0,0,-0.060416,0.98431,0.014728,0.40705,19.728,-18.515,0.0059994,0.0071713,-0.069108,0.034626,0.0096006,-0.10706,0.47745,0,0,0,0.020723
4,0,0,0,0,0,0,-0.064104,1.0013,-0.0060673,0.40705,19.728,-18.515,-0.054708,-0.0098266,-0.046039,-0.024568,-0.0014639,-0.12148,0.47573,0,0,0,0.020723
4.01,0,0,0,0,-4.3368e-19,0,-0.05304,0.98855,-0.0089291,0.40705,20.011,-18.091,-0.053494,-0.0073984,0.013454,-0.041927,-0.0033827,-0.08523,0.47403,0,0,0,0.020723
4.02,0,0,0,0,0,0,-0.098033,0.97274,3.7903e-05,0.40705,20.011,-18.091,-0.16884,-0.043823,0.060805,-0.12575,-0.027923,-0.043034,0.47273,0,0,0,0.020723
4.03,0,1.7347e-18,0,0,0,0,-0.039026,0.9739,-0.0024423,0.40705,19.823,-18.6,0.044852,0.020527,-0.03754,-0.0046894,0.0073964,-0.097621,0.47111,0,1.8411e-18,0,0.020723
4.04,0,0,0,0,0,0,-0.072217,0.97852,-0.00091603,0.40705,19.823,-18.6,-0.23804,-0.076604,0.040165,-0.1627,-0.047975,-0.061699,0.4698,0,0,0,0.020723
4.05,0,0,0,0,2.6021e-18,0,-0.093423,0.9978,-0.039646,0.40705,19.634,-18.091,0.1432,0.037525,-0.090963,0.051778,0.015266,-0.14219,0.46869,0,0,0,0.020723
4.06,0,0,0,0,-1.7347e-18,0,-0.075536,1.0057,-0.025909,0.40705,19.634,-18.091,-0.024354,-0.0098266,0.035308,0.0012932,0.0010621,-0.07973,0.46757,0,0,0,0.020723
4.07,0,0,0,0,0,0,-0.07277,0.88482,-0.0056857,0.49064,20.011,-18.176,-0.10327,-0.0073984,9.7953e-05,-0.0678,-0.0015993,-0.085732,0.46658,0,0,0,0.020723
4.08,0,0,0,0,4.3368e-19,0,-0.046402,0.93322,0.021597,0.49064,20.011,-18.176,0.02664,-0.0073984,-0.039969,0.0014313,-0.0037726,-0.11529,0.46549,0,0,0,0.020723
4.09,0,-1.7347e-18,0,0,0,0,-0.096004,1.0263,0.00099184,0.40705,20.011,-18.515,0.089775,0.0035289,-0.027827,0.065907,0.0047635,-0.11704,0.46481,0,-1.8661e-18,0,0.020723
4.1,0,0,0,0,-4.3368e-19,0,-0.068714,0.99048,-0.019995,0.40705,20.011,-18.515,-0.097203,-0.12517,0.024381,-0.044556,-0.08197,-0.081731,0.46407,0,0,0,0.020723
4.11,0,0,0,0,2.6021e-18,0,-0.085309,0.99414,-0.035067,0.40705,19.823,-18.346,0.08249,0.0095996,-0.10189,0.045759,-0.014534,-0.15888,0.46353,0,0,0,0.020723
4.12,0,0,0,0,0,0,-0.081068,0.99241,-0.022666,0.40705,19.823,-18.346,-0.015855,-0.0049701,0.0013121,0.0055962,-0.0043713,-0.11146,0.46309,0,0,0,0.020723
4.13,0,0,0,0,-8.6736e-19,0,-0.077749,0.98836,-0.014653,0.6578,20.106,-18.176,0.016927,-0.0013276,9.7953e-05,0.016305,0.0010916,-0.098236,0.46268,0,0,0,0.020723
4.14,0,0,0,0,4.3368e-19,0,-0.074246,0.99298,-0.009883,0.6578,20.106,-18.176,0.021783,-0.0001135,-0.0023303,0.023046,0.0034463,-0.096313,0.46236,0,0,0,0.020723
4.15,0,0,0,0,0,0,-0.068161,0.95867,-0.0060673,0.49064,19.54,-18.515,0.019355,-0.0001135,-0.015686,0.023515,0.0040257,-0.10539,0.46218,0,0,0,0.020723
4.16,0,3.4694e-18,0,0,0,0,-0.073508,1.0073,-0.012363,0.49064,19.54,-18.515,0.030282,-0.0013276,-0.0071869,0.031041,0.0034803,-0.10269,0.46212,0,3.7538e-18,0,0.020723
4.17,0,0,0,0,4.3368e-19,0,-0.072586,0.98971,-0.013317,0.32347,19.823,-18.685,-0.046209,-0.032895,0.015882,-0.019521,-0.018468,-0.086384,0.46226,0,0,0,0.020723
4.18,0,0,0,0,8.6736e-19,0,-0.077565,0.99221,-0.014271,0.32347,19.823,-18.685,0.0059994,0.0035289,-0.015686,0.0012054,0.00018986,-0.10361,0.46255,0,0,0,0.020723
4.19,0,0,0,0,0,0,-0.078856,0.99915,-0.019613,0.23989,19.728,-18.261,0.0011429,-0.0061842,0.029237,0.0039721,-0.00079811,-0.078174,0.46302,0,0,0,0.020723
4.2,0,0,0,0,8.6736e-19,0,-0.077749,0.99607,-0.028389,0.23989,19.728,-18.261,-0.040138,-0.013469,0.03288,-0.023977,-0.0060965,-0.068251,0.4636,0,0,0,0.020723
4.21,0,0,0,0,8.6736e-19,0,-0.07738,0.99241,-0.019041,0.32347,19.634,-18.261,-0.018283,-0.0037559,0.012239,-0.017035,-0.0010032,-0.079748,0.46429,0,0,0,0.020723
4.22,0,0,0,0,0,0,-0.077196,0.99241,-0.013317,0.32347,19.634,-18.261,-0.010999,-0.0025418,0.0025262,-0.0097005,0.0013839,-0.090186,0.46513,0,0,0,0.020723
4.23,0,0,0,0,-1.7347e-18,0,-0.077934,0.99356,-0.01637,0.32347,19.728,-18.176,0.016927,0.0059572,-0.0169,0.011711,0.0080225,-0.10699,0.46611,0,0,0,0.020723
4.24,0,0,0,0,0,0,-0.0807,0.99356,-0.015607,0.32347,19.728,-18.176,-0.0037137,-0.0013276,0.014668,0.0039854,0.0051077,-0.090478,0.46725,0,0,0,0.020723
4.25,0,0,0,0,0,0,-0.080331,0.99433,-0.015225,0.49064,19.823,-18.346,0.0047853,0.0047431,-0.008401,0.0075428,0.008429,-0.10156,0.46847,0,0,0,0.020723
4.26,0,0,0,0,-2.1684e-19,0,-0.042161,1.0813,-0.0095014,0.49064,19.823,-18.346,-0.0037137,-0.0013276,-0.0047586,0.0030298,0.0039324,-0.10263,0.46955,0,0,0,0.020723
4.27,0,0,0,0,-1.301e-18,0,-0.044742,0.97698,-0.038119,0.40705,19.917,-18.261,0.027854,0.029026,-0.042397,0.022419,0.023709,-0.12908,0.47086,0,0,0,0.020723
4.28,0,0,0,0,0,0,-0.10356,1.0082,-0.014462,0.40705,19.917,-18.261,0.090989,0.041167,-0.047254,0.072518,0.039938,-0.14021,0.47272,0,0,0,0.020723
4.29,0,0,0,0,0,0,-0.065763,0.98894,0.001755,0.49064,19.823,-18.346,-0.10085,-0.049893,0.072946,-0.044031,-0.019098,-0.060804,0.47445,0,0,0,0.020723
4.3,0,0,0,0,-1.7347e-18,0,-0.0807,1.0013,-0.016561,0.49064,19.823,-18.346,0.0047853,0.014456,-0.063037,-0.0071234,0.0077834,-0.13058,0.47642,0,0,0,0.020723
4.31,0,0,0,0,0,0,-0.082175,0.96214,-0.020185,0.32347,19.823,-18.346,0.014498,0.0083855,-0.025399,0.010588,0.011844,-0.12563,0.47863,0,0,0,0.020723
4.32,0,0,0,0,4.3368e-19,0,-0.073324,1.0001,-0.011982,0.32347,19.823,-18.346,0.010856,0.0059572,0.0061687,0.013842,0.011081,-0.10234,0.48092,0,0,0,0.020723
4.33,0,0,0,0,-8.6736e-19,0,-0.079409,0.99645,-0.013508,0.40705,19.823,-18.261,-0.012213,-0.023182,0.05352,-0.0012068,-0.0090763,-0.062447,0.48337,0,0,0,0.020723
4.34,0,0,0,0,8.6736e-19,0,-0.082359,0.98836,-0.014271,0.40705,19.823,-18.261,0.018141,0.0071713,-0.018114,0.015122,0.0058642,-0.099634,0.486,0,0,0,0.020723
4.35,0,0,0,0,0,0,-0.078118,0.98913,-0.015607,0.40705,19.823,-18.43,-0.012213,-0.0073984,0.045021,-0.00089208,0.00017945,-0.067197,0.48874,0,0,0,0.020723
4.36,0,3.4694e-18,0,0,-1.301e-18,0,-0.074614,0.99645,-0.017705,0.40705,19.823,-18.43,-0.0073561,-0.0013276,0.0061687,-0.002421,0.0024891,-0.084032,0.4916,0,3.5287e-18,0,0.020723
4.37,0,0,0,0,0,0,-0.10541,1.0275,-0.015988,0.40705,19.823,-18.261,-7.1263e-05,0.0035289,-0.0096152,0.0018581,0.0073901,-0.099366,0.49479,0,0,0,0.020723
4.38,0,0,0,0,2.1684e-19,0,-0.046033,0.98431,0.0074786,0.40705,19.823,-18.261,0.18448,0.10066,-0.23302,0.1321,0.074518,-0.25875,0.49778,0,0,0,0.020723
4.39,0,0,0,0,0,0,-0.082912,0.99318,-0.055863,0.40705,19.728,-18.006,-0.074134,-0.063249,0.29271,-0.0096474,-0.018057,0.056658,0.50111,0,0,0,0.020723
4.4,0,0,0,0,-8.6736e-19,0,-0.068345,1.013,-0.010074,0.40705,19.728,-18.006,0.027854,0.0023148,-0.08125,0.019571,-0.00071764,-0.10567,0.50452,0,0,0,0.020723
4.41,0,0,0,0,4.3368e-19,0,-0.071849,0.99106,-0.011218,0.40705,19.917,-18.346,-0.0049278,-0.0013276,-0.008401,0.0056421,0.0021403,-0.10411,0.50809,0,0,0,0.020723
4.42,0,0,0,0,0,0,-0.067607,0.98334,-0.00053446,0.40705,19.917,-18.346,0.031496,0.018099,-0.026613,0.026958,0.016458,-0.11579,0.51178,0,0,0,0.020723
4.43,0,-3.4694e-18,0,0,1.7347e-18,0,-0.084572,0.99221,-0.020758,0.15631,20.011,-18.176,0.0047853,-0.018326,-0.03754,0.013974,-0.0043082,-0.12587,0.51576,0,-3.3635e-18,0,0.020723
4.44,0,0,0,0,-8.6736e-19,0,-0.07738,0.99761,-0.020567,0.15631,20.011,-18.176,-0.030425,-0.01954,0.072946,-0.014134,-0.011693,-0.052257,0.51981,0,0,0,0.020723
4.45,0,0,0,0,-4.3368e-19,0,-0.070927,0.98604,-0.0039686,0.32347,19.728,-18.261,0.036353,0.01567,-0.065466,0.02408,0.010552,-0.12521,0.52391,0,0,0,0.020723
4.46,0,0,0,0,-8.6736e-19,0,-0.074614,0.998,-0.0096922,0.32347,19.728,-18.261,0.078848,0.014456,-0.008401,0.064733,0.016396,-0.10728,0.52815,0,0,0,0.020723
4.47,0,0,0,0,0,0,-0.07443,0.99896,-0.013126,0.32347,19.823,-18.091,0.075206,0.0083855,0.025595,0.074403,0.013852,-0.077729,0.53249,0,0,0,0.020723
4.48,0,0,0,0,0,0,-0.075352,0.99742,-0.017133,0.32347,19.823,-18.091,0.050923,0.0083855,-0.025399,0.060378,0.012966,-0.10329,0.53694,0,0,0,0.020723
4.49,0,0,0,0,-4.3368e-19,0,-0.071295,0.99106,-0.010455,0.40705,20.011,-18.346,0.060636,0.0083855,-0.0011162,0.063084,0.012715,-0.09374,0.54147,0,0,0,0.020723
4.5,0,0,0,0,-8.6736e-19,0,-0.070005,0.99915,-0.011409,0.40705,20.011,-18.346,0.086133,0.012028,-0.014472,0.081483,0.015028,-0.099375,0.54607,0,0,0,0.020723
4.51,0,0,0,0,2.1684e-19,0,-0.040501,0.97332,-0.011218,0.57422,19.823,-18.261,0.086133,0.0083855,-0.008401,0.08773,0.012429,-0.097162,0.55061,0,0,0,0.020723
4.52,0,-3.4694e-18,0,0,-2.6021e-18,0,-0.070558,1.0184,0.047544,0.57422,19.823,-18.261,0.2634,0.066664,0.035308,0.21295,0.05407,-0.064403,0.55537,0,-3.1235e-18,0,0.020723
4.53,0,0,0,0,1.7347e-18,0,-0.092132,0.99588,-0.036784,0.32347,19.54,-18.261,0.080062,-0.02561,-0.036326,0.12112,0.001155,-0.10248,0.56032,0,0,0,0.020723
4.54,0,0,0,0,0,0,-0.066501,0.98624,-0.0024423,0.32347,19.54,-18.261,-0.097203,-0.036538,0.049878,-0.027448,-0.022189,-0.054212,0.56526,0,0,0,0.020723
4.55,0,0,0,0,-4.3368e-19,0,-0.06982,1.0015,-0.022666,0.40705,19.445,-18.091,0.10434,0.037525,-0.35079,0.065985,0.021291,-0.31549,0.57026,0,0,0,0.020723
4.56,0,-3.4694e-18,0,0,4.3368e-19,0,-0.062444,0.99414,-0.015988,0.40705,19.445,-18.091,0.058208,0.01567,-0.21481,0.062803,0.019373,-0.30004,0.5753,0,-3.0153e-18,0,0.020723
4.57,0,0,0,0,-2.1684e-19,0,-0.035522,1.0155,-0.014271,0.40705,19.917,-18.091,0.055779,0.024169,-0.13953,0.061013,0.023999,-0.24325,0.5803,0,0,0,0.020723
4.58,0,0,0,0,0,0,-0.081622,0.99356,0.0011826,0.40705,19.917,-18.091,-0.18948,-0.0037559,-0.099462,-0.11006,0.007658,-0.19555,0.58552,0,0,0,0.020723
4.59,0,0,0,0,8.6736e-19,0,-0.084941,0.99318,-0.015607,0.6578,19.823,-18.176,-0.11056,0.014456,-0.12374,-0.10801,0.014779,-0.19726,0.59074,0,0,0,0.020723
4.6,0,-3.4694e-18,0,0,4.3368e-19,0,-0.069451,0.99472,-0.006258,0.6578,19.823,-18.176,-0.052279,-0.030467,-0.0011162,-0.066365,-0.014144,-0.11257,0.59594,0,-2.9109e-18,0,0.020723
4.61,0,0,0,0,8.6736e-19,0,-0.075352,0.98026,-0.013508,0.15631,19.445,-18.091,-0.1397,-0.029253,-0.0059728,-0.11456,-0.022303,-0.088042,0.60125,0,0,0,0.020723
4.62,0,0,0,0,8.6736e-19,0,-0.079962,0.99433,-0.014271,0.15631,19.445,-18.091,-0.024354,-0.0049701,-0.019328,-0.04968,-0.0079805,-0.088619,0.60657,0,0,0,0.020723
4.63,0,0,0,0,1.7347e-18,0,-0.07277,0.98971,-0.017133,0.40705,19.728,-18.515,0.0047853,-0.0037559,0.0098111,-0.0097226,-0.0030021,-0.068383,0.61184,0,0,0,0.020723
4.64,0,-3.4694e-18,0,0,1.301e-18,0,-0.07443,0.99241,-0.019613,0.40705,19.728,-18.515,-0.0049278,-0.0049701,0.026809,-0.0044631,-0.002417,-0.049373,0.61712,0,-2.811e-18,0,0.020723
4.65,0,0,0,0,1.301e-18,0,-0.07277,0.98816,-0.020376,0.49064,19.823,-18.006,0.015713,0.0047431,0.029237,0.011374,0.0043857,-0.040992,0.62238,0,0,0,0.020723
4.66,0,0,0,0,1.301e-18,0,-0.07148,0.99665,-0.028771,0.49064,19.823,-18.006,0.01207,0.0023148,0.023167,0.013502,0.0043833,-0.041663,0.62762,0,0,0,0.020723
4.67,0,0,0,0,-8.6736e-19,0,-0.066685,0.99163,-0.017896,0.072727,19.728,-18.091,0.024212,0.0047431,0.065662,0.022901,0.0062747,-0.010666,0.63287,0,0,0,0.020723
4.68,0,0,0,0,0,0,-0.071849,0.99395,-0.012172,0.072727,19.728,-18.091,0.018141,0.0059572,0.026809,0.021419,0.007959,-0.026725,0.6381,0,0,0,0.020723
4.69,0,0,0,0,0,0,-0.065948,0.99221,-0.0024423,0.15631,19.823,-17.752,0.013284,0.0011006,0.025595,0.017996,0.0053734,-0.031642,0.64328,0,0,0,0.020723
4.7,0,0,0,0,0,0,-0.068345,0.98932,-0.009883,0.15631,19.823,-17.752,0.01207,0.010814,-0.035112,0.015788,0.010964,-0.073861,0.64843,0,0,0,0.020723
4.71,0,0,0,0,4.3368e-19,0,-0.06687,0.98546,-0.015416,0.072727,20.011,-18.261,0.0084277,0.0035289,0.011025,0.012484,0.0073005,-0.053629,0.65353,0,0,0,0.020723
4.72,0,0,0,0,0,0,-0.061891,0.99877,-0.0075936,0.072727,20.011,-18.261,0.019355,0.0023148,0.03288,0.019374,0.0055549,-0.031499,0.65858,0,0,0,0.020723
4.73,0,0,0,0,-4.3368e-19,0,-0.065763,0.98759,-0.0070212,0.15631,19.728,-18.261,0.022997,0.0071713,-0.0096152,0.023715,0.0084341,-0.053027,0.66357,0,0,0,0.020723
4.74,0,0,0,0,0,0,-0.072217,0.9899,-0.020185,0.15631,19.728,-18.261,0.0096419,-0.0025418,0.0025262,0.015224,0.0020473,-0.049841,0.66851,0,0,0,0.020723
4.75,0,0,0,0,8.6736e-19,0,-0.077749,0.99703,-0.019422,0.49064,20.011,-18.006,-0.019498,-0.0049701,0.0049545,-0.0077284,-0.0014382,-0.046552,0.67339,0,0,0,0.020723
4.76,0,0,0,0,6.5052e-19,0,-0.046771,0.99511,-0.011791,0.49064,20.011,-18.006,-0.019498,-0.0013276,0.0073828,-0.013207,-8.8973e-05,-0.044269,0.67819,0,0,0,0.020723
4.77,0,0,0,0,0,0,-0.091579,1.0067,-0.010837,0.32347,19.728,-18.346,-0.17976,-0.045037,0.035308,-0.12758,-0.029339,-0.02064,0.68294,0,0,0,0.020723
4.78,0,0,0,0,-8.6736e-19,0,-0.060785,0.99703,0.0078601,0.32347,19.728,-18.346,-0.059564,-0.032895,0.15308,-0.077561,-0.029359,0.067529,0.68761,0,0,0,0.020723
4.79,0,0,0,0,0,0,-0.064104,1.0013,0.0046168,0.072727,19.917,-18.176,-0.013427,0.0035289,-0.029041,-0.030774,-0.0044332,-0.0296,0.69221,0,0,0,0.020723
4.8,0,0,0,0,0,0,-0.073692,0.99645,-0.0096922,0.072727,19.917,-18.176,-0.017069,-0.012255,-0.029041,-0.019834,-0.0083988,-0.057603,0.69674,0,0,0,0.020723
4.81,0,0,0,0,-1.7347e-18,0,-0.078118,0.98103,-0.022284,0.23989,19.823,-18.176,0.018141,0.016884,-0.088534,0.0073051,0.0099542,-0.1064,0.70118,0,0,0,0.020723
4.82,0,0,0,0,8.6736e-19,0,-0.07443,0.9978,-0.012936,0.23989,19.823,-18.176,-0.015855,-0.0013276,-0.026613,-0.007595,0.0033311,-0.077579,0.70555,0,0,0,0.020723
4.83,0,0,0,0,-1.301e-18,0,-0.072586,0.99684,-0.019041,0.40705,19.823,-18.261,-0.010999,-0.0037559,-0.014472,-0.008798,-0.00066955,-0.060022,0.70984,0,0,0,0.020723
4.84,0,0,0,0,-4.3368e-19,0,-0.066317,0.98508,-0.0053041,0.40705,19.823,-18.261,-0.0085703,-0.0049701,0.045021,-0.0070766,-0.0021341,-0.012807,0.71405,0,0,0,0.020723
4.85,0,0,0,0,8.6736e-19,0,-0.063182,1.0042,-0.011028,0.32347,20.2,-18.176,-0.006142,-0.0049701,0.017096,-0.0047843,-0.0029643,-0.016765,0.71818,0,0,0,0.020723
4.86,0,0,0,0,0,0,-0.059494,1.0047,-0.0074028,0.32347,20.2,-18.176,-0.019498,-0.012255,0.01831,-0.013141,-0.0081355,-0.01635,0.72223,0,0,0,0.020724
4.87,0,0,0,0,-8.6736e-19,0,-0.079224,0.97274,0.0078601,0.23989,19.823,-18.176,-0.013427,-0.012255,0.021953,-0.012487,-0.0088398,-0.011249,0.72617,0,0,0,0.020724
4.88,0,0,0,0,0,0,-0.081806,0.99183,-0.017705,0.23989,19.823,-18.176,-0.034067,-0.029253,0.046235,-0.026897,-0.02216,0.0077766,0.73002,0,0,0,0.020724
4.89,0,0,5.1545e-17,0,-8.6736e-19,0,-0.077196,0.99665,-0.017133,0.40705,19.917,-18.176,-0.0097844,-0.0013276,0.013454,-0.01425,-0.0068984,-0.0089457,0.73381,0,0,1.8912e-17,0.020724
4.9,0,0,0,0,0,0,-0.066132,0.98759,-0.0037778,0.40705,19.917,-18.176,-0.006142,-0.0037559,0.0073828,-0.0072519,-0.0033502,-0.017843,0.73752,0,0,0,0.020724
4.91,0,0,0,0,0,0,-0.063919,0.99915,-0.0068304,0.15631,19.917,-18.261,-0.0097844,-0.0049701,-0.0011162,-0.0075667,-0.0033852,-0.025054,0.74114,0,0,0,0.020724
4.92,0,0,0,0,8.6736e-19,0,-0.067976,0.99067,-0.011409,0.15631,19.917,-18.261,-0.0073561,-0.024396,0.037736,-0.006321,-0.017069,0.00063053,0.74467,0,0,0,0.020724
4.93,0,0,0,0,4.3368e-19,0,-0.068714,0.99723,-0.011409,0.49064,20.106,-18.006,0.0084277,0.016884,-0.060609,0.0048916,0.0073298,-0.059559,0.74813,0,0,0,0.020724
4.94,0,0,0,0,-1.301e-18,0,-0.075536,1.0009,-0.015797,0.49064,20.106,-18.006,0.0084277,0.0047431,-0.0059728,0.0078672,0.0061063,-0.038933,0.75151,0,0,0,0.020724
4.95,0,0,0,0,-8.6736e-19,0,-0.078118,0.99414,-0.022666,0.49064,20.011,-18.261,-0.0085703,-0.012255,0.013454,-0.0032172,-0.0063858,-0.018433,0.7548,0,0,0,0.020724
4.96,0,0,0,0,0,0,-0.066501,0.99106,-0.0012976,0.49064,20.011,-18.261,0.0035712,0.0011006,0.0049545,0.0025622,0.00013024,-0.01786,0.75803,0,0,0,0.020724
4.97,0,0,0,0,0,0,-0.077934,0.99915,-0.0070212,0.32347,20.2,-18.261,0.043638,0.01567,-0.063037,0.031311,0.011798,-0.062783,0.76115,0,0,0,0.020724
4.98,0,0,0,0,0,0,-0.068161,0.99896,-0.011218,0.32347,20.2,-18.261,-0.042566,-0.02561,0.079017,-0.019035,-0.01346,0.021749,0.76421,0,0,0,0.020724
4.99,0,0,0,0,0,0,-0.070189,0.98759,-0.0091198,0.32347,19.917,-18.091,0.019355,0.013242,-0.030256,0.0082808,0.0057941,-0.027265,0.7672,0,0,0,0.020724
